name,category,n,m,mode,method,count,max,checks,time_ms,status
gen_tiny_000.txt,tiny,9,0,0,Pivot-Orig,0,0,10,0.002458,ok
gen_tiny_000.txt,tiny,9,0,1,Pivot-Asc,0,0,10,0.003167,ok
gen_tiny_000.txt,tiny,9,0,2,Pivot-Desc,0,0,10,0.001917,ok
gen_tiny_000.txt,tiny,9,0,6,RSib-BF,0,0,9,0.002167,ok
gen_tiny_000.txt,tiny,9,0,7,RSib-BT,0,0,9,0.002042,ok
gen_tiny_000.txt,tiny,9,0,8,RSib-Greedy,0,0,9,0.001875,ok
gen_tiny_000.txt,tiny,9,0,9,RSib-Bitmask,0,0,9,0.001542,ok
gen_tiny_000.txt,tiny,9,0,10,RSib-InclMin,0,0,9,0.001542,ok
gen_tiny_001.txt,tiny,9,2,0,Pivot-Orig,0,0,11,0.002,ok
gen_tiny_001.txt,tiny,9,2,1,Pivot-Asc,0,0,11,0.003,ok
gen_tiny_001.txt,tiny,9,2,2,Pivot-Desc,0,0,11,0.002625,ok
gen_tiny_001.txt,tiny,9,2,6,RSib-BF,0,0,11,0.001833,ok
gen_tiny_001.txt,tiny,9,2,7,RSib-BT,0,0,11,0.001708,ok
gen_tiny_001.txt,tiny,9,2,8,RSib-Greedy,0,0,11,0.001625,ok
gen_tiny_001.txt,tiny,9,2,9,RSib-Bitmask,0,0,11,0.001625,ok
gen_tiny_001.txt,tiny,9,2,10,RSib-InclMin,0,0,11,0.001333,ok
gen_tiny_002.txt,tiny,10,6,0,Pivot-Orig,0,0,15,0.003625,ok
gen_tiny_002.txt,tiny,10,6,1,Pivot-Asc,0,0,15,0.003542,ok
gen_tiny_002.txt,tiny,10,6,2,Pivot-Desc,0,0,15,0.004,ok
gen_tiny_002.txt,tiny,10,6,6,RSib-BF,0,0,16,0.002542,ok
gen_tiny_002.txt,tiny,10,6,7,RSib-BT,0,0,16,0.002125,ok
gen_tiny_002.txt,tiny,10,6,8,RSib-Greedy,0,0,16,0.002,ok
gen_tiny_002.txt,tiny,10,6,9,RSib-Bitmask,0,0,16,0.001875,ok
gen_tiny_002.txt,tiny,10,6,10,RSib-InclMin,0,0,16,0.001792,ok
gen_tiny_003.txt,tiny,6,6,0,Pivot-Orig,0,0,10,0.003334,ok
gen_tiny_003.txt,tiny,6,6,1,Pivot-Asc,0,0,10,0.003083,ok
gen_tiny_003.txt,tiny,6,6,2,Pivot-Desc,0,0,10,0.002834,ok
gen_tiny_003.txt,tiny,6,6,6,RSib-BF,0,0,12,0.001417,ok
gen_tiny_003.txt,tiny,6,6,7,RSib-BT,0,0,12,0.001417,ok
gen_tiny_003.txt,tiny,6,6,8,RSib-Greedy,0,0,12,0.001417,ok
gen_tiny_003.txt,tiny,6,6,9,RSib-Bitmask,0,0,12,0.001375,ok
gen_tiny_003.txt,tiny,6,6,10,RSib-InclMin,0,0,12,0.001375,ok
gen_tiny_004.txt,tiny,12,33,0,Pivot-Orig,12,4,34,0.011625,ok
gen_tiny_004.txt,tiny,12,33,1,Pivot-Asc,12,4,34,0.011708,ok
gen_tiny_004.txt,tiny,12,33,2,Pivot-Desc,12,4,34,0.010292,ok
gen_tiny_004.txt,tiny,12,33,6,RSib-BF,12,4,21,0.046625,ok
gen_tiny_004.txt,tiny,12,33,7,RSib-BT,12,4,21,0.03975,ok
gen_tiny_004.txt,tiny,12,33,8,RSib-Greedy,12,4,21,0.037292,ok
gen_tiny_004.txt,tiny,12,33,9,RSib-Bitmask,12,4,21,0.045709,ok
gen_tiny_004.txt,tiny,12,33,10,RSib-InclMin,12,4,21,0.040542,ok
gen_tiny_005.txt,tiny,7,17,0,Pivot-Orig,4,5,10,0.005416,ok
gen_tiny_005.txt,tiny,7,17,1,Pivot-Asc,4,5,10,0.004792,ok
gen_tiny_005.txt,tiny,7,17,2,Pivot-Desc,4,5,10,0.003708,ok
gen_tiny_005.txt,tiny,7,17,6,RSib-BF,4,5,12,0.01075,ok
gen_tiny_005.txt,tiny,7,17,7,RSib-BT,4,5,12,0.010541,ok
gen_tiny_005.txt,tiny,7,17,8,RSib-Greedy,4,5,12,0.01175,ok
gen_tiny_005.txt,tiny,7,17,9,RSib-Bitmask,4,5,12,0.008667,ok
gen_tiny_005.txt,tiny,7,17,10,RSib-InclMin,4,5,12,0.0115,ok
gen_tiny_006.txt,tiny,7,21,0,Pivot-Orig,1,7,8,0.003458,ok
gen_tiny_006.txt,tiny,7,21,1,Pivot-Asc,1,7,8,0.003083,ok
gen_tiny_006.txt,tiny,7,21,2,Pivot-Desc,1,7,8,0.003042,ok
gen_tiny_006.txt,tiny,7,21,6,RSib-BF,1,7,7,0.001958,ok
gen_tiny_006.txt,tiny,7,21,7,RSib-BT,1,7,7,0.001625,ok
gen_tiny_006.txt,tiny,7,21,8,RSib-Greedy,1,7,7,0.001625,ok
gen_tiny_006.txt,tiny,7,21,9,RSib-Bitmask,1,7,7,0.001875,ok
gen_tiny_006.txt,tiny,7,21,10,RSib-InclMin,1,7,7,0.002041,ok
gen_tiny_007.txt,tiny,12,0,0,Pivot-Orig,0,0,13,0.001167,ok
gen_tiny_007.txt,tiny,12,0,1,Pivot-Asc,0,0,13,0.001083,ok
gen_tiny_007.txt,tiny,12,0,2,Pivot-Desc,0,0,13,0.000916,ok
gen_tiny_007.txt,tiny,12,0,6,RSib-BF,0,0,12,0.001083,ok
gen_tiny_007.txt,tiny,12,0,7,RSib-BT,0,0,12,0.001083,ok
gen_tiny_007.txt,tiny,12,0,8,RSib-Greedy,0,0,12,0.001042,ok
gen_tiny_007.txt,tiny,12,0,9,RSib-Bitmask,0,0,12,0.001125,ok
gen_tiny_007.txt,tiny,12,0,10,RSib-InclMin,0,0,12,0.001083,ok
gen_tiny_008.txt,tiny,12,4,0,Pivot-Orig,0,0,15,0.003334,ok
gen_tiny_008.txt,tiny,12,4,1,Pivot-Asc,0,0,15,0.003166,ok
gen_tiny_008.txt,tiny,12,4,2,Pivot-Desc,0,0,15,0.003041,ok
gen_tiny_008.txt,tiny,12,4,6,RSib-BF,0,0,16,0.001584,ok
gen_tiny_008.txt,tiny,12,4,7,RSib-BT,0,0,16,0.00175,ok
gen_tiny_008.txt,tiny,12,4,8,RSib-Greedy,0,0,16,0.0015,ok
gen_tiny_008.txt,tiny,12,4,9,RSib-Bitmask,0,0,16,0.0015,ok
gen_tiny_008.txt,tiny,12,4,10,RSib-InclMin,0,0,16,0.001667,ok
gen_tiny_009.txt,tiny,12,7,0,Pivot-Orig,0,0,17,0.003916,ok
gen_tiny_009.txt,tiny,12,7,1,Pivot-Asc,0,0,17,0.003625,ok
gen_tiny_009.txt,tiny,12,7,2,Pivot-Desc,0,0,17,0.00375,ok
gen_tiny_009.txt,tiny,12,7,6,RSib-BF,0,0,19,0.002083,ok
gen_tiny_009.txt,tiny,12,7,7,RSib-BT,0,0,19,0.001958,ok
gen_tiny_009.txt,tiny,12,7,8,RSib-Greedy,0,0,19,0.002084,ok
gen_tiny_009.txt,tiny,12,7,9,RSib-Bitmask,0,0,19,0.001875,ok
gen_tiny_009.txt,tiny,12,7,10,RSib-InclMin,0,0,19,0.001875,ok
gen_tiny_010.txt,tiny,12,19,0,Pivot-Orig,3,3,23,0.00825,ok
gen_tiny_010.txt,tiny,12,19,1,Pivot-Asc,3,3,23,0.008,ok
gen_tiny_010.txt,tiny,12,19,2,Pivot-Desc,3,3,23,0.006917,ok
gen_tiny_010.txt,tiny,12,19,6,RSib-BF,3,3,20,0.012875,ok
gen_tiny_010.txt,tiny,12,19,7,RSib-BT,3,3,20,0.011458,ok
gen_tiny_010.txt,tiny,12,19,8,RSib-Greedy,3,3,20,0.01225,ok
gen_tiny_010.txt,tiny,12,19,9,RSib-Bitmask,3,3,20,0.012083,ok
gen_tiny_010.txt,tiny,12,19,10,RSib-InclMin,3,3,20,0.012959,ok
gen_tiny_011.txt,tiny,5,4,0,Pivot-Orig,0,0,8,0.002625,ok
gen_tiny_011.txt,tiny,5,4,1,Pivot-Asc,0,0,8,0.002542,ok
gen_tiny_011.txt,tiny,5,4,2,Pivot-Desc,0,0,8,0.002625,ok
gen_tiny_011.txt,tiny,5,4,6,RSib-BF,0,0,9,0.001208,ok
gen_tiny_011.txt,tiny,5,4,7,RSib-BT,0,0,9,0.000875,ok
gen_tiny_011.txt,tiny,5,4,8,RSib-Greedy,0,0,9,0.000917,ok
gen_tiny_011.txt,tiny,5,4,9,RSib-Bitmask,0,0,9,0.000958,ok
gen_tiny_011.txt,tiny,5,4,10,RSib-InclMin,0,0,9,0.001042,ok
gen_tiny_012.txt,tiny,7,18,0,Pivot-Orig,3,5,9,0.003875,ok
gen_tiny_012.txt,tiny,7,18,1,Pivot-Asc,3,5,9,0.003625,ok
gen_tiny_012.txt,tiny,7,18,2,Pivot-Desc,3,5,9,0.003625,ok
gen_tiny_012.txt,tiny,7,18,6,RSib-BF,3,5,12,0.008584,ok
gen_tiny_012.txt,tiny,7,18,7,RSib-BT,3,5,12,0.007708,ok
gen_tiny_012.txt,tiny,7,18,8,RSib-Greedy,3,5,12,0.010875,ok
gen_tiny_012.txt,tiny,7,18,9,RSib-Bitmask,3,5,12,0.007209,ok
gen_tiny_012.txt,tiny,7,18,10,RSib-InclMin,3,5,12,0.008625,ok
gen_tiny_013.txt,tiny,8,26,0,Pivot-Orig,2,7,9,0.004041,ok
gen_tiny_013.txt,tiny,8,26,1,Pivot-Asc,2,7,9,0.00475,ok
gen_tiny_013.txt,tiny,8,26,2,Pivot-Desc,2,7,9,0.003292,ok
gen_tiny_013.txt,tiny,8,26,6,RSib-BF,2,7,12,0.007208,ok
gen_tiny_013.txt,tiny,8,26,7,RSib-BT,2,7,12,0.006459,ok
gen_tiny_013.txt,tiny,8,26,8,RSib-Greedy,2,7,12,0.006834,ok
gen_tiny_013.txt,tiny,8,26,9,RSib-Bitmask,2,7,12,0.007083,ok
gen_tiny_013.txt,tiny,8,26,10,RSib-InclMin,2,7,12,0.006542,ok
gen_tiny_014.txt,tiny,8,0,0,Pivot-Orig,0,0,9,0.000792,ok
gen_tiny_014.txt,tiny,8,0,1,Pivot-Asc,0,0,9,0.000667,ok
gen_tiny_014.txt,tiny,8,0,2,Pivot-Desc,0,0,9,0.00075,ok
gen_tiny_014.txt,tiny,8,0,6,RSib-BF,0,0,8,0.000792,ok
gen_tiny_014.txt,tiny,8,0,7,RSib-BT,0,0,8,0.000708,ok
gen_tiny_014.txt,tiny,8,0,8,RSib-Greedy,0,0,8,0.000667,ok
gen_tiny_014.txt,tiny,8,0,9,RSib-Bitmask,0,0,8,0.000583,ok
gen_tiny_014.txt,tiny,8,0,10,RSib-InclMin,0,0,8,0.000625,ok
gen_tiny_015.txt,tiny,12,2,0,Pivot-Orig,0,0,14,0.002042,ok
gen_tiny_015.txt,tiny,12,2,1,Pivot-Asc,0,0,14,0.00175,ok
gen_tiny_015.txt,tiny,12,2,2,Pivot-Desc,0,0,14,0.002,ok
gen_tiny_015.txt,tiny,12,2,6,RSib-BF,0,0,14,0.001333,ok
gen_tiny_015.txt,tiny,12,2,7,RSib-BT,0,0,14,0.001333,ok
gen_tiny_015.txt,tiny,12,2,8,RSib-Greedy,0,0,14,0.001333,ok
gen_tiny_015.txt,tiny,12,2,9,RSib-Bitmask,0,0,14,0.001375,ok
gen_tiny_015.txt,tiny,12,2,10,RSib-InclMin,0,0,14,0.001125,ok
gen_tiny_016.txt,tiny,6,3,0,Pivot-Orig,0,0,8,0.001958,ok
gen_tiny_016.txt,tiny,6,3,1,Pivot-Asc,0,0,8,0.002209,ok
gen_tiny_016.txt,tiny,6,3,2,Pivot-Desc,0,0,8,0.001667,ok
gen_tiny_016.txt,tiny,6,3,6,RSib-BF,0,0,9,0.001167,ok
gen_tiny_016.txt,tiny,6,3,7,RSib-BT,0,0,9,0.001083,ok
gen_tiny_016.txt,tiny,6,3,8,RSib-Greedy,0,0,9,0.001375,ok
gen_tiny_016.txt,tiny,6,3,9,RSib-Bitmask,0,0,9,0.001042,ok
gen_tiny_016.txt,tiny,6,3,10,RSib-InclMin,0,0,9,0.001042,ok
gen_tiny_017.txt,tiny,6,4,0,Pivot-Orig,1,3,7,0.001875,ok
gen_tiny_017.txt,tiny,6,4,1,Pivot-Asc,1,3,7,0.001709,ok
gen_tiny_017.txt,tiny,6,4,2,Pivot-Desc,1,3,7,0.001875,ok
gen_tiny_017.txt,tiny,6,4,6,RSib-BF,1,3,6,0.003375,ok
gen_tiny_017.txt,tiny,6,4,7,RSib-BT,1,3,6,0.002875,ok
gen_tiny_017.txt,tiny,6,4,8,RSib-Greedy,1,3,6,0.002583,ok
gen_tiny_017.txt,tiny,6,4,9,RSib-Bitmask,1,3,6,0.002625,ok
gen_tiny_017.txt,tiny,6,4,10,RSib-InclMin,1,3,6,0.002708,ok
gen_tiny_018.txt,tiny,11,25,0,Pivot-Orig,9,3,26,0.010333,ok
gen_tiny_018.txt,tiny,11,25,1,Pivot-Asc,9,3,26,0.006666,ok
gen_tiny_018.txt,tiny,11,25,2,Pivot-Desc,9,3,26,0.007584,ok
gen_tiny_018.txt,tiny,11,25,6,RSib-BF,9,3,20,0.02425,ok
gen_tiny_018.txt,tiny,11,25,7,RSib-BT,9,3,20,0.020709,ok
gen_tiny_018.txt,tiny,11,25,8,RSib-Greedy,9,3,20,0.019,ok
gen_tiny_018.txt,tiny,11,25,9,RSib-Bitmask,9,3,20,0.023625,ok
gen_tiny_018.txt,tiny,11,25,10,RSib-InclMin,9,3,20,0.02025,ok
gen_tiny_019.txt,tiny,12,48,0,Pivot-Orig,24,5,56,0.017583,ok
gen_tiny_019.txt,tiny,12,48,1,Pivot-Asc,24,5,53,0.018958,ok
gen_tiny_019.txt,tiny,12,48,2,Pivot-Desc,24,5,59,0.0185,ok
gen_tiny_019.txt,tiny,12,48,6,RSib-BF,24,5,37,0.08825,ok
gen_tiny_019.txt,tiny,12,48,7,RSib-BT,24,5,37,0.067167,ok
gen_tiny_019.txt,tiny,12,48,8,RSib-Greedy,23,5,36,0.067709,ok
gen_tiny_019.txt,tiny,12,48,9,RSib-Bitmask,24,5,37,0.094125,ok
gen_tiny_019.txt,tiny,12,48,10,RSib-InclMin,24,5,37,0.066375,ok
gen_tiny_020.txt,tiny,11,53,0,Pivot-Orig,2,10,12,0.007375,ok
gen_tiny_020.txt,tiny,11,53,1,Pivot-Asc,2,10,12,0.007041,ok
gen_tiny_020.txt,tiny,11,53,2,Pivot-Desc,2,10,12,0.006792,ok
gen_tiny_020.txt,tiny,11,53,6,RSib-BF,2,10,18,0.008542,ok
gen_tiny_020.txt,tiny,11,53,7,RSib-BT,2,10,18,0.007584,ok
gen_tiny_020.txt,tiny,11,53,8,RSib-Greedy,2,10,18,0.00975,ok
gen_tiny_020.txt,tiny,11,53,9,RSib-Bitmask,2,10,18,0.007292,ok
gen_tiny_020.txt,tiny,11,53,10,RSib-InclMin,2,10,18,0.007792,ok
gen_tiny_021.txt,tiny,7,0,0,Pivot-Orig,0,0,8,0.001042,ok
gen_tiny_021.txt,tiny,7,0,1,Pivot-Asc,0,0,8,0.000625,ok
gen_tiny_021.txt,tiny,7,0,2,Pivot-Desc,0,0,8,0.000667,ok
gen_tiny_021.txt,tiny,7,0,6,RSib-BF,0,0,7,0.000792,ok
gen_tiny_021.txt,tiny,7,0,7,RSib-BT,0,0,7,0.00075,ok
gen_tiny_021.txt,tiny,7,0,8,RSib-Greedy,0,0,7,0.00075,ok
gen_tiny_021.txt,tiny,7,0,9,RSib-Bitmask,0,0,7,0.000708,ok
gen_tiny_021.txt,tiny,7,0,10,RSib-InclMin,0,0,7,0.00075,ok
gen_tiny_022.txt,tiny,5,0,0,Pivot-Orig,0,0,6,0.000792,ok
gen_tiny_022.txt,tiny,5,0,1,Pivot-Asc,0,0,6,0.000667,ok
gen_tiny_022.txt,tiny,5,0,2,Pivot-Desc,0,0,6,0.000625,ok
gen_tiny_022.txt,tiny,5,0,6,RSib-BF,0,0,5,0.001042,ok
gen_tiny_022.txt,tiny,5,0,7,RSib-BT,0,0,5,0.000542,ok
gen_tiny_022.txt,tiny,5,0,8,RSib-Greedy,0,0,5,0.000625,ok
gen_tiny_022.txt,tiny,5,0,9,RSib-Bitmask,0,0,5,0.0005,ok
gen_tiny_022.txt,tiny,5,0,10,RSib-InclMin,0,0,5,0.0005,ok
gen_tiny_023.txt,tiny,7,1,0,Pivot-Orig,0,0,8,0.001292,ok
gen_tiny_023.txt,tiny,7,1,1,Pivot-Asc,0,0,8,0.001209,ok
gen_tiny_023.txt,tiny,7,1,2,Pivot-Desc,0,0,8,0.001208,ok
gen_tiny_023.txt,tiny,7,1,6,RSib-BF,0,0,8,0.000916,ok
gen_tiny_023.txt,tiny,7,1,7,RSib-BT,0,0,8,0.000875,ok
gen_tiny_023.txt,tiny,7,1,8,RSib-Greedy,0,0,8,0.000792,ok
gen_tiny_023.txt,tiny,7,1,9,RSib-Bitmask,0,0,8,0.000917,ok
gen_tiny_023.txt,tiny,7,1,10,RSib-InclMin,0,0,8,0.000833,ok
gen_tiny_024.txt,tiny,10,12,0,Pivot-Orig,1,3,16,0.004,ok
gen_tiny_024.txt,tiny,10,12,1,Pivot-Asc,1,3,16,0.004,ok
gen_tiny_024.txt,tiny,10,12,2,Pivot-Desc,1,3,16,0.005167,ok
gen_tiny_024.txt,tiny,10,12,6,RSib-BF,1,3,15,0.006916,ok
gen_tiny_024.txt,tiny,10,12,7,RSib-BT,1,3,15,0.006042,ok
gen_tiny_024.txt,tiny,10,12,8,RSib-Greedy,1,3,15,0.005834,ok
gen_tiny_024.txt,tiny,10,12,9,RSib-Bitmask,1,3,15,0.006458,ok
gen_tiny_024.txt,tiny,10,12,10,RSib-InclMin,1,3,15,0.005208,ok
gen_tiny_025.txt,tiny,11,25,0,Pivot-Orig,12,4,28,0.012041,ok
gen_tiny_025.txt,tiny,11,25,1,Pivot-Asc,12,4,28,0.011334,ok
gen_tiny_025.txt,tiny,11,25,2,Pivot-Desc,12,4,28,0.008375,ok
gen_tiny_025.txt,tiny,11,25,6,RSib-BF,12,4,19,0.028792,ok
gen_tiny_025.txt,tiny,11,25,7,RSib-BT,12,4,19,0.0345,ok
gen_tiny_025.txt,tiny,11,25,8,RSib-Greedy,11,4,18,0.03225,ok
gen_tiny_025.txt,tiny,11,25,9,RSib-Bitmask,12,4,19,0.028916,ok
gen_tiny_025.txt,tiny,11,25,10,RSib-InclMin,12,4,19,0.025416,ok
gen_tiny_026.txt,tiny,11,44,0,Pivot-Orig,20,6,39,0.01375,ok
gen_tiny_026.txt,tiny,11,44,1,Pivot-Asc,20,6,38,0.012541,ok
gen_tiny_026.txt,tiny,11,44,2,Pivot-Desc,20,6,38,0.011875,ok
gen_tiny_026.txt,tiny,11,44,6,RSib-BF,20,6,33,0.108833,ok
gen_tiny_026.txt,tiny,11,44,7,RSib-BT,20,6,33,0.081583,ok
gen_tiny_026.txt,tiny,11,44,8,RSib-Greedy,18,6,33,0.05075,ok
gen_tiny_026.txt,tiny,11,44,9,RSib-Bitmask,20,6,33,0.098208,ok
gen_tiny_026.txt,tiny,11,44,10,RSib-InclMin,20,6,33,0.082375,ok
gen_tiny_027.txt,tiny,9,34,0,Pivot-Orig,2,8,10,0.006791,ok
gen_tiny_027.txt,tiny,9,34,1,Pivot-Asc,2,8,10,0.006459,ok
gen_tiny_027.txt,tiny,9,34,2,Pivot-Desc,2,8,10,0.004333,ok
gen_tiny_027.txt,tiny,9,34,6,RSib-BF,2,8,14,0.008125,ok
gen_tiny_027.txt,tiny,9,34,7,RSib-BT,2,8,14,0.007666,ok
gen_tiny_027.txt,tiny,9,34,8,RSib-Greedy,2,8,14,0.009958,ok
gen_tiny_027.txt,tiny,9,34,9,RSib-Bitmask,2,8,14,0.007167,ok
gen_tiny_027.txt,tiny,9,34,10,RSib-InclMin,2,8,14,0.007292,ok
gen_tiny_028.txt,tiny,6,0,0,Pivot-Orig,0,0,7,0.000708,ok
gen_tiny_028.txt,tiny,6,0,1,Pivot-Asc,0,0,7,0.000584,ok
gen_tiny_028.txt,tiny,6,0,2,Pivot-Desc,0,0,7,0.000625,ok
gen_tiny_028.txt,tiny,6,0,6,RSib-BF,0,0,6,0.00075,ok
gen_tiny_028.txt,tiny,6,0,7,RSib-BT,0,0,6,0.00075,ok
gen_tiny_028.txt,tiny,6,0,8,RSib-Greedy,0,0,6,0.0005,ok
gen_tiny_028.txt,tiny,6,0,9,RSib-Bitmask,0,0,6,0.0005,ok
gen_tiny_028.txt,tiny,6,0,10,RSib-InclMin,0,0,6,0.000583,ok
gen_tiny_029.txt,tiny,7,1,0,Pivot-Orig,0,0,8,0.001167,ok
gen_tiny_029.txt,tiny,7,1,1,Pivot-Asc,0,0,8,0.00125,ok
gen_tiny_029.txt,tiny,7,1,2,Pivot-Desc,0,0,8,0.001209,ok
gen_tiny_029.txt,tiny,7,1,6,RSib-BF,0,0,8,0.000958,ok
gen_tiny_029.txt,tiny,7,1,7,RSib-BT,0,0,8,0.001125,ok
gen_tiny_029.txt,tiny,7,1,8,RSib-Greedy,0,0,8,0.000834,ok
gen_tiny_029.txt,tiny,7,1,9,RSib-Bitmask,0,0,8,0.000792,ok
gen_tiny_029.txt,tiny,7,1,10,RSib-InclMin,0,0,8,0.000833,ok
gen_small_000.txt,small,14,30,0,Pivot-Orig,5,5,24,0.008625,ok
gen_small_000.txt,small,14,30,1,Pivot-Asc,5,5,24,0.008542,ok
gen_small_000.txt,small,14,30,2,Pivot-Desc,5,5,24,0.007834,ok
gen_small_000.txt,small,14,30,6,RSib-BF,5,5,16,0.018708,ok
gen_small_000.txt,small,14,30,7,RSib-BT,5,5,16,0.01675,ok
gen_small_000.txt,small,14,30,8,RSib-Greedy,5,5,16,0.015792,ok
gen_small_000.txt,small,14,30,9,RSib-Bitmask,5,5,16,0.024333,ok
gen_small_000.txt,small,14,30,10,RSib-InclMin,5,5,16,0.016833,ok
gen_small_001.txt,small,20,18,0,Pivot-Orig,1,3,32,0.0065,ok
gen_small_001.txt,small,20,18,1,Pivot-Asc,1,3,32,0.006334,ok
gen_small_001.txt,small,20,18,2,Pivot-Desc,1,3,32,0.006292,ok
gen_small_001.txt,small,20,18,6,RSib-BF,1,3,25,0.010833,ok
gen_small_001.txt,small,20,18,7,RSib-BT,1,3,25,0.011333,ok
gen_small_001.txt,small,20,18,8,RSib-Greedy,1,3,25,0.011375,ok
gen_small_001.txt,small,20,18,9,RSib-Bitmask,1,3,25,0.010709,ok
gen_small_001.txt,small,20,18,10,RSib-InclMin,1,3,25,0.011458,ok
gen_small_002.txt,small,19,31,0,Pivot-Orig,4,3,42,0.011916,ok
gen_small_002.txt,small,19,31,1,Pivot-Asc,4,3,42,0.010333,ok
gen_small_002.txt,small,19,31,2,Pivot-Desc,4,3,41,0.01,ok
gen_small_002.txt,small,19,31,6,RSib-BF,4,3,35,0.019708,ok
gen_small_002.txt,small,19,31,7,RSib-BT,4,3,35,0.017,ok
gen_small_002.txt,small,19,31,8,RSib-Greedy,4,3,35,0.018166,ok
gen_small_002.txt,small,19,31,9,RSib-Bitmask,4,3,35,0.017875,ok
gen_small_002.txt,small,19,31,10,RSib-InclMin,4,3,35,0.017709,ok
gen_small_003.txt,small,25,112,0,Pivot-Orig,54,5,132,0.045459,ok
gen_small_003.txt,small,25,112,1,Pivot-Asc,54,5,135,0.049208,ok
gen_small_003.txt,small,25,112,2,Pivot-Desc,54,5,125,0.057459,ok
gen_small_003.txt,small,25,112,6,RSib-BF,54,5,87,0.155417,ok
gen_small_003.txt,small,25,112,7,RSib-BT,54,5,87,0.145583,ok
gen_small_003.txt,small,25,112,8,RSib-Greedy,47,5,78,0.114417,ok
gen_small_003.txt,small,25,112,9,RSib-Bitmask,54,5,87,0.16325,ok
gen_small_003.txt,small,25,112,10,RSib-InclMin,54,5,87,0.149208,ok
gen_small_004.txt,small,25,165,0,Pivot-Orig,125,7,254,0.083333,ok
gen_small_004.txt,small,25,165,1,Pivot-Asc,125,7,257,0.086583,ok
gen_small_004.txt,small,25,165,2,Pivot-Desc,125,7,256,0.082291,ok
gen_small_004.txt,small,25,165,6,RSib-BF,125,7,167,0.507791,ok
gen_small_004.txt,small,25,165,7,RSib-BT,125,7,167,0.37775,ok
gen_small_004.txt,small,25,165,8,RSib-Greedy,88,7,130,0.204916,ok
gen_small_004.txt,small,25,165,9,RSib-Bitmask,125,7,167,0.425708,ok
gen_small_004.txt,small,25,165,10,RSib-InclMin,125,7,167,0.369166,ok
gen_small_005.txt,small,24,212,0,Pivot-Orig,175,10,440,0.155584,ok
gen_small_005.txt,small,24,212,1,Pivot-Asc,175,10,434,0.158625,ok
gen_small_005.txt,small,24,212,2,Pivot-Desc,175,10,422,0.15125,ok
gen_small_005.txt,small,24,212,6,RSib-BF,175,10,460,9.38104,ok
gen_small_005.txt,small,24,212,7,RSib-BT,175,10,460,3.72346,ok
gen_small_005.txt,small,24,212,8,RSib-Greedy,132,10,396,0.681084,ok
gen_small_005.txt,small,24,212,9,RSib-Bitmask,175,10,460,4.55167,ok
gen_small_005.txt,small,24,212,10,RSib-InclMin,175,10,460,3.73733,ok
gen_small_006.txt,small,19,5,0,Pivot-Orig,0,0,22,0.003125,ok
gen_small_006.txt,small,19,5,1,Pivot-Asc,0,0,22,0.00275,ok
gen_small_006.txt,small,19,5,2,Pivot-Desc,0,0,22,0.003125,ok
gen_small_006.txt,small,19,5,6,RSib-BF,0,0,24,0.002083,ok
gen_small_006.txt,small,19,5,7,RSib-BT,0,0,24,0.002125,ok
gen_small_006.txt,small,19,5,8,RSib-Greedy,0,0,24,0.002334,ok
gen_small_006.txt,small,19,5,9,RSib-Bitmask,0,0,24,0.001917,ok
gen_small_006.txt,small,19,5,10,RSib-InclMin,0,0,24,0.002,ok
gen_small_007.txt,small,16,11,0,Pivot-Orig,0,0,25,0.004791,ok
gen_small_007.txt,small,16,11,1,Pivot-Asc,0,0,25,0.00425,ok
gen_small_007.txt,small,16,11,2,Pivot-Desc,0,0,25,0.004833,ok
gen_small_007.txt,small,16,11,6,RSib-BF,0,0,27,0.002292,ok
gen_small_007.txt,small,16,11,7,RSib-BT,0,0,27,0.002375,ok
gen_small_007.txt,small,16,11,8,RSib-Greedy,0,0,27,0.002167,ok
gen_small_007.txt,small,16,11,9,RSib-Bitmask,0,0,27,0.002209,ok
gen_small_007.txt,small,16,11,10,RSib-InclMin,0,0,27,0.002208,ok
gen_small_008.txt,small,18,26,0,Pivot-Orig,6,3,34,0.00925,ok
gen_small_008.txt,small,18,26,1,Pivot-Asc,6,3,34,0.008,ok
gen_small_008.txt,small,18,26,2,Pivot-Desc,6,3,35,0.0095,ok
gen_small_008.txt,small,18,26,6,RSib-BF,6,3,30,0.0195,ok
gen_small_008.txt,small,18,26,7,RSib-BT,6,3,30,0.0185,ok
gen_small_008.txt,small,18,26,8,RSib-Greedy,6,3,30,0.018625,ok
gen_small_008.txt,small,18,26,9,RSib-Bitmask,6,3,30,0.019167,ok
gen_small_008.txt,small,18,26,10,RSib-InclMin,6,3,30,0.017375,ok
gen_small_009.txt,small,15,30,0,Pivot-Orig,7,3,38,0.009458,ok
gen_small_009.txt,small,15,30,1,Pivot-Asc,7,3,38,0.009708,ok
gen_small_009.txt,small,15,30,2,Pivot-Desc,7,3,37,0.010125,ok
gen_small_009.txt,small,15,30,6,RSib-BF,7,3,28,0.025042,ok
gen_small_009.txt,small,15,30,7,RSib-BT,7,3,28,0.02025,ok
gen_small_009.txt,small,15,30,8,RSib-Greedy,6,3,27,0.017958,ok
gen_small_009.txt,small,15,30,9,RSib-Bitmask,7,3,28,0.02425,ok
gen_small_009.txt,small,15,30,10,RSib-InclMin,7,3,28,0.022583,ok
gen_small_010.txt,small,22,34,0,Pivot-Orig,3,6,32,0.0095,ok
gen_small_010.txt,small,22,34,1,Pivot-Asc,3,6,32,0.008375,ok
gen_small_010.txt,small,22,34,2,Pivot-Desc,3,6,32,0.008916,ok
gen_small_010.txt,small,22,34,6,RSib-BF,3,6,22,0.018666,ok
gen_small_010.txt,small,22,34,7,RSib-BT,3,6,22,0.023667,ok
gen_small_010.txt,small,22,34,8,RSib-Greedy,3,6,22,0.015834,ok
gen_small_010.txt,small,22,34,9,RSib-Bitmask,3,6,22,0.016209,ok
gen_small_010.txt,small,22,34,10,RSib-InclMin,3,6,22,0.018083,ok
gen_small_011.txt,small,17,101,0,Pivot-Orig,81,6,174,0.058875,ok
gen_small_011.txt,small,17,101,1,Pivot-Asc,81,6,173,0.05575,ok
gen_small_011.txt,small,17,101,2,Pivot-Desc,81,6,172,0.053292,ok
gen_small_011.txt,small,17,101,6,RSib-BF,81,6,132,0.484167,ok
gen_small_011.txt,small,17,101,7,RSib-BT,81,6,132,0.3465,ok
gen_small_011.txt,small,17,101,8,RSib-Greedy,72,6,126,0.217292,ok
gen_small_011.txt,small,17,101,9,RSib-Bitmask,81,6,132,0.386,ok
gen_small_011.txt,small,17,101,10,RSib-InclMin,81,6,132,0.336583,ok
gen_small_012.txt,small,22,3,0,Pivot-Orig,0,0,24,0.003042,ok
gen_small_012.txt,small,22,3,1,Pivot-Asc,0,0,24,0.002667,ok
gen_small_012.txt,small,22,3,2,Pivot-Desc,0,0,24,0.002792,ok
gen_small_012.txt,small,22,3,6,RSib-BF,0,0,25,0.002083,ok
gen_small_012.txt,small,22,3,7,RSib-BT,0,0,25,0.001917,ok
gen_small_012.txt,small,22,3,8,RSib-Greedy,0,0,25,0.001958,ok
gen_small_012.txt,small,22,3,9,RSib-Bitmask,0,0,25,0.001917,ok
gen_small_012.txt,small,22,3,10,RSib-InclMin,0,0,25,0.002291,ok
gen_small_013.txt,small,21,19,0,Pivot-Orig,0,0,37,0.010208,ok
gen_small_013.txt,small,21,19,1,Pivot-Asc,0,0,37,0.006917,ok
gen_small_013.txt,small,21,19,2,Pivot-Desc,0,0,37,0.007166,ok
gen_small_013.txt,small,21,19,6,RSib-BF,0,0,40,0.0035,ok
gen_small_013.txt,small,21,19,7,RSib-BT,0,0,40,0.003291,ok
gen_small_013.txt,small,21,19,8,RSib-Greedy,0,0,40,0.003958,ok
gen_small_013.txt,small,21,19,9,RSib-Bitmask,0,0,40,0.003209,ok
gen_small_013.txt,small,21,19,10,RSib-InclMin,0,0,40,0.003042,ok
gen_small_014.txt,small,19,31,0,Pivot-Orig,3,3,42,0.011333,ok
gen_small_014.txt,small,19,31,1,Pivot-Asc,3,3,42,0.013208,ok
gen_small_014.txt,small,19,31,2,Pivot-Desc,3,3,41,0.014375,ok
gen_small_014.txt,small,19,31,6,RSib-BF,3,3,33,0.022167,ok
gen_small_014.txt,small,19,31,7,RSib-BT,3,3,33,0.02725,ok
gen_small_014.txt,small,19,31,8,RSib-Greedy,3,3,33,0.024375,ok
gen_small_014.txt,small,19,31,9,RSib-Bitmask,3,3,33,0.026334,ok
gen_small_014.txt,small,19,31,10,RSib-InclMin,3,3,33,0.024959,ok
gen_small_015.txt,small,22,89,0,Pivot-Orig,48,4,105,0.038542,ok
gen_small_015.txt,small,22,89,1,Pivot-Asc,48,4,104,0.036167,ok
gen_small_015.txt,small,22,89,2,Pivot-Desc,48,4,104,0.0435,ok
gen_small_015.txt,small,22,89,6,RSib-BF,48,4,66,0.140167,ok
gen_small_015.txt,small,22,89,7,RSib-BT,48,4,66,0.208875,ok
gen_small_015.txt,small,22,89,8,RSib-Greedy,36,4,51,0.141834,ok
gen_small_015.txt,small,22,89,9,RSib-Bitmask,48,4,66,0.139042,ok
gen_small_015.txt,small,22,89,10,RSib-InclMin,48,4,66,0.120292,ok
gen_small_016.txt,small,13,52,0,Pivot-Orig,22,6,52,0.017792,ok
gen_small_016.txt,small,13,52,1,Pivot-Asc,22,6,53,0.017833,ok
gen_small_016.txt,small,13,52,2,Pivot-Desc,22,6,50,0.018084,ok
gen_small_016.txt,small,13,52,6,RSib-BF,22,6,38,0.10675,ok
gen_small_016.txt,small,13,52,7,RSib-BT,22,6,38,0.084042,ok
gen_small_016.txt,small,13,52,8,RSib-Greedy,18,6,34,0.057375,ok
gen_small_016.txt,small,13,52,9,RSib-Bitmask,22,6,38,0.099792,ok
gen_small_016.txt,small,13,52,10,RSib-InclMin,22,6,38,0.085208,ok
gen_small_017.txt,small,24,207,0,Pivot-Orig,165,10,369,0.124958,ok
gen_small_017.txt,small,24,207,1,Pivot-Asc,165,10,376,0.142208,ok
gen_small_017.txt,small,24,207,2,Pivot-Desc,165,10,396,0.128125,ok
gen_small_017.txt,small,24,207,6,RSib-BF,165,10,342,8.46983,ok
gen_small_017.txt,small,24,207,7,RSib-BT,165,10,342,3.62625,ok
gen_small_017.txt,small,24,207,8,RSib-Greedy,87,9,222,0.3995,ok
gen_small_017.txt,small,24,207,9,RSib-Bitmask,165,10,342,4.65225,ok
gen_small_017.txt,small,24,207,10,RSib-InclMin,165,10,342,3.79004,ok
gen_small_018.txt,small,18,4,0,Pivot-Orig,0,0,21,0.002959,ok
gen_small_018.txt,small,18,4,1,Pivot-Asc,0,0,21,0.002584,ok
gen_small_018.txt,small,18,4,2,Pivot-Desc,0,0,21,0.002708,ok
gen_small_018.txt,small,18,4,6,RSib-BF,0,0,22,0.001875,ok
gen_small_018.txt,small,18,4,7,RSib-BT,0,0,22,0.001833,ok
gen_small_018.txt,small,18,4,8,RSib-Greedy,0,0,22,0.002084,ok
gen_small_018.txt,small,18,4,9,RSib-Bitmask,0,0,22,0.001958,ok
gen_small_018.txt,small,18,4,10,RSib-InclMin,0,0,22,0.00175,ok
gen_small_019.txt,small,25,24,0,Pivot-Orig,1,3,45,0.0095,ok
gen_small_019.txt,small,25,24,1,Pivot-Asc,1,3,45,0.009375,ok
gen_small_019.txt,small,25,24,2,Pivot-Desc,1,3,45,0.00875,ok
gen_small_019.txt,small,25,24,6,RSib-BF,1,3,34,0.013167,ok
gen_small_019.txt,small,25,24,7,RSib-BT,1,3,34,0.012875,ok
gen_small_019.txt,small,25,24,8,RSib-Greedy,1,3,34,0.012459,ok
gen_small_019.txt,small,25,24,9,RSib-Bitmask,1,3,34,0.013917,ok
gen_small_019.txt,small,25,24,10,RSib-InclMin,1,3,34,0.013,ok
gen_small_020.txt,small,15,32,0,Pivot-Orig,3,6,23,0.007667,ok
gen_small_020.txt,small,15,32,1,Pivot-Asc,3,6,23,0.008084,ok
gen_small_020.txt,small,15,32,2,Pivot-Desc,3,6,23,0.007416,ok
gen_small_020.txt,small,15,32,6,RSib-BF,3,6,16,0.016583,ok
gen_small_020.txt,small,15,32,7,RSib-BT,3,6,16,0.013,ok
gen_small_020.txt,small,15,32,8,RSib-Greedy,3,6,16,0.014,ok
gen_small_020.txt,small,15,32,9,RSib-Bitmask,3,6,16,0.013666,ok
gen_small_020.txt,small,15,32,10,RSib-InclMin,3,6,16,0.013625,ok
gen_small_021.txt,small,23,89,0,Pivot-Orig,40,5,97,0.045334,ok
gen_small_021.txt,small,23,89,1,Pivot-Asc,40,5,95,0.035583,ok
gen_small_021.txt,small,23,89,2,Pivot-Desc,40,5,101,0.033667,ok
gen_small_021.txt,small,23,89,6,RSib-BF,40,5,64,0.11925,ok
gen_small_021.txt,small,23,89,7,RSib-BT,40,5,64,0.095916,ok
gen_small_021.txt,small,23,89,8,RSib-Greedy,32,5,57,0.068416,ok
gen_small_021.txt,small,23,89,9,RSib-Bitmask,40,5,64,0.107875,ok
gen_small_021.txt,small,23,89,10,RSib-InclMin,40,5,64,0.093416,ok
gen_small_022.txt,small,19,101,0,Pivot-Orig,51,6,119,0.044083,ok
gen_small_022.txt,small,19,101,1,Pivot-Asc,51,6,118,0.042458,ok
gen_small_022.txt,small,19,101,2,Pivot-Desc,51,6,120,0.044125,ok
gen_small_022.txt,small,19,101,6,RSib-BF,51,6,79,0.232625,ok
gen_small_022.txt,small,19,101,7,RSib-BT,51,6,79,0.171708,ok
gen_small_022.txt,small,19,101,8,RSib-Greedy,40,6,71,0.11375,ok
gen_small_022.txt,small,19,101,9,RSib-Bitmask,51,6,79,0.215,ok
gen_small_022.txt,small,19,101,10,RSib-InclMin,51,6,79,0.171084,ok
gen_small_023.txt,small,24,204,0,Pivot-Orig,261,8,543,0.173459,ok
gen_small_023.txt,small,24,204,1,Pivot-Asc,261,8,551,0.178916,ok
gen_small_023.txt,small,24,204,2,Pivot-Desc,261,8,551,0.166042,ok
gen_small_023.txt,small,24,204,6,RSib-BF,261,8,417,4.41433,ok
gen_small_023.txt,small,24,204,7,RSib-BT,261,8,417,2.38675,ok
gen_small_023.txt,small,24,204,8,RSib-Greedy,147,8,291,0.589209,ok
gen_small_023.txt,small,24,204,9,RSib-Bitmask,261,8,417,2.73821,ok
gen_small_023.txt,small,24,204,10,RSib-InclMin,261,8,417,2.20858,ok
gen_small_024.txt,small,17,2,0,Pivot-Orig,0,0,18,0.002083,ok
gen_small_024.txt,small,17,2,1,Pivot-Asc,0,0,18,0.001916,ok
gen_small_024.txt,small,17,2,2,Pivot-Desc,0,0,18,0.001791,ok
gen_small_024.txt,small,17,2,6,RSib-BF,0,0,19,0.001625,ok
gen_small_024.txt,small,17,2,7,RSib-BT,0,0,19,0.001458,ok
gen_small_024.txt,small,17,2,8,RSib-Greedy,0,0,19,0.001416,ok
gen_small_024.txt,small,17,2,9,RSib-Bitmask,0,0,19,0.001334,ok
gen_small_024.txt,small,17,2,10,RSib-InclMin,0,0,19,0.001375,ok
gen_small_025.txt,small,15,7,0,Pivot-Orig,0,0,20,0.003667,ok
gen_small_025.txt,small,15,7,1,Pivot-Asc,0,0,20,0.00325,ok
gen_small_025.txt,small,15,7,2,Pivot-Desc,0,0,20,0.003584,ok
gen_small_025.txt,small,15,7,6,RSib-BF,0,0,22,0.002,ok
gen_small_025.txt,small,15,7,7,RSib-BT,0,0,22,0.002041,ok
gen_small_025.txt,small,15,7,8,RSib-Greedy,0,0,22,0.001792,ok
gen_small_025.txt,small,15,7,9,RSib-Bitmask,0,0,22,0.00175,ok
gen_small_025.txt,small,15,7,10,RSib-InclMin,0,0,22,0.001709,ok
gen_small_026.txt,small,25,60,0,Pivot-Orig,21,3,73,0.020167,ok
gen_small_026.txt,small,25,60,1,Pivot-Asc,21,3,73,0.0195,ok
gen_small_026.txt,small,25,60,2,Pivot-Desc,21,3,74,0.019792,ok
gen_small_026.txt,small,25,60,6,RSib-BF,21,3,56,0.057834,ok
gen_small_026.txt,small,25,60,7,RSib-BT,21,3,56,0.054875,ok
gen_small_026.txt,small,25,60,8,RSib-Greedy,18,3,49,0.049875,ok
gen_small_026.txt,small,25,60,9,RSib-Bitmask,21,3,56,0.057208,ok
gen_small_026.txt,small,25,60,10,RSib-InclMin,21,3,56,0.05675,ok
gen_small_027.txt,small,21,81,0,Pivot-Orig,44,5,95,0.027666,ok
gen_small_027.txt,small,21,81,1,Pivot-Asc,44,5,95,0.029291,ok
gen_small_027.txt,small,21,81,2,Pivot-Desc,44,5,95,0.0295,ok
gen_small_027.txt,small,21,81,6,RSib-BF,44,5,62,0.102125,ok
gen_small_027.txt,small,21,81,7,RSib-BT,44,5,62,0.089,ok
gen_small_027.txt,small,21,81,8,RSib-Greedy,31,5,48,0.06475,ok
gen_small_027.txt,small,21,81,9,RSib-Bitmask,44,5,62,0.101958,ok
gen_small_027.txt,small,21,81,10,RSib-InclMin,44,5,62,0.09175,ok
gen_small_028.txt,small,16,72,0,Pivot-Orig,33,6,71,0.027459,ok
gen_small_028.txt,small,16,72,1,Pivot-Asc,33,6,71,0.038708,ok
gen_small_028.txt,small,16,72,2,Pivot-Desc,33,6,71,0.025958,ok
gen_small_028.txt,small,16,72,6,RSib-BF,33,6,54,0.165042,ok
gen_small_028.txt,small,16,72,7,RSib-BT,33,6,54,0.122541,ok
gen_small_028.txt,small,16,72,8,RSib-Greedy,28,6,50,0.083,ok
gen_small_028.txt,small,16,72,9,RSib-Bitmask,33,6,54,0.148,ok
gen_small_028.txt,small,16,72,10,RSib-InclMin,33,6,54,0.121125,ok
gen_small_029.txt,small,14,75,0,Pivot-Orig,24,9,59,0.024208,ok
gen_small_029.txt,small,14,75,1,Pivot-Asc,24,9,65,0.028208,ok
gen_small_029.txt,small,14,75,2,Pivot-Desc,24,9,61,0.026584,ok
gen_small_029.txt,small,14,75,6,RSib-BF,24,9,59,0.234458,ok
gen_small_029.txt,small,14,75,7,RSib-BT,24,9,59,0.173458,ok
gen_small_029.txt,small,14,75,8,RSib-Greedy,20,9,57,0.089209,ok
gen_small_029.txt,small,14,75,9,RSib-Bitmask,24,9,59,0.167417,ok
gen_small_029.txt,small,14,75,10,RSib-InclMin,24,9,59,0.167917,ok
gen_medium_000.txt,medium,59,184,0,Pivot-Orig,15,3,221,0.050917,ok
gen_medium_000.txt,medium,59,184,1,Pivot-Asc,15,3,222,0.054125,ok
gen_medium_000.txt,medium,59,184,2,Pivot-Desc,15,3,224,0.058375,ok
gen_medium_000.txt,medium,59,184,6,RSib-BF,15,3,181,0.090792,ok
gen_medium_000.txt,medium,59,184,7,RSib-BT,15,3,181,0.10875,ok
gen_medium_000.txt,medium,59,184,8,RSib-Greedy,13,3,171,0.078375,ok
gen_medium_000.txt,medium,59,184,9,RSib-Bitmask,15,3,181,0.089917,ok
gen_medium_000.txt,medium,59,184,10,RSib-InclMin,15,3,181,0.088625,ok
gen_medium_001.txt,medium,59,107,0,Pivot-Orig,8,8,103,0.031625,ok
gen_medium_001.txt,medium,59,107,1,Pivot-Asc,8,8,105,0.032167,ok
gen_medium_001.txt,medium,59,107,2,Pivot-Desc,8,8,103,0.030416,ok
gen_medium_001.txt,medium,59,107,6,RSib-BF,8,8,80,0.060959,ok
gen_medium_001.txt,medium,59,107,7,RSib-BT,8,8,80,0.057625,ok
gen_medium_001.txt,medium,59,107,8,RSib-Greedy,8,8,80,0.058167,ok
gen_medium_001.txt,medium,59,107,9,RSib-Bitmask,8,8,80,0.066292,ok
gen_medium_001.txt,medium,59,107,10,RSib-InclMin,8,8,80,0.060292,ok
gen_medium_002.txt,medium,47,68,0,Pivot-Orig,3,3,107,0.021833,ok
gen_medium_002.txt,medium,47,68,1,Pivot-Asc,3,3,108,0.025875,ok
gen_medium_002.txt,medium,47,68,2,Pivot-Desc,3,3,107,0.021542,ok
gen_medium_002.txt,medium,47,68,6,RSib-BF,3,3,88,0.032583,ok
gen_medium_002.txt,medium,47,68,7,RSib-BT,3,3,88,0.036208,ok
gen_medium_002.txt,medium,47,68,8,RSib-Greedy,3,3,88,0.034042,ok
gen_medium_002.txt,medium,47,68,9,RSib-Bitmask,3,3,88,0.033625,ok
gen_medium_002.txt,medium,47,68,10,RSib-InclMin,3,3,88,0.036833,ok
gen_medium_003.txt,medium,47,126,0,Pivot-Orig,32,3,156,0.039875,ok
gen_medium_003.txt,medium,47,126,1,Pivot-Asc,32,3,155,0.050291,ok
gen_medium_003.txt,medium,47,126,2,Pivot-Desc,32,3,157,0.040833,ok
gen_medium_003.txt,medium,47,126,6,RSib-BF,32,3,107,0.088292,ok
gen_medium_003.txt,medium,47,126,7,RSib-BT,32,3,107,0.090667,ok
gen_medium_003.txt,medium,47,126,8,RSib-Greedy,29,3,100,0.084167,ok
gen_medium_003.txt,medium,47,126,9,RSib-Bitmask,32,3,107,0.096666,ok
gen_medium_003.txt,medium,47,126,10,RSib-InclMin,32,3,107,0.094417,ok
gen_medium_004.txt,medium,43,191,0,Pivot-Orig,84,4,230,0.077833,ok
gen_medium_004.txt,medium,43,191,1,Pivot-Asc,84,4,230,0.076625,ok
gen_medium_004.txt,medium,43,191,2,Pivot-Desc,84,4,236,0.076625,ok
gen_medium_004.txt,medium,43,191,6,RSib-BF,84,4,137,0.202541,ok
gen_medium_004.txt,medium,43,191,7,RSib-BT,84,4,137,0.167625,ok
gen_medium_004.txt,medium,43,191,8,RSib-Greedy,62,4,112,0.129583,ok
gen_medium_004.txt,medium,43,191,9,RSib-Bitmask,84,4,137,0.184791,ok
gen_medium_004.txt,medium,43,191,10,RSib-InclMin,84,4,137,0.170791,ok
gen_medium_005.txt,medium,36,194,0,Pivot-Orig,122,4,253,0.08975,ok
gen_medium_005.txt,medium,36,194,1,Pivot-Asc,122,4,255,0.079625,ok
gen_medium_005.txt,medium,36,194,2,Pivot-Desc,122,4,257,0.078416,ok
gen_medium_005.txt,medium,36,194,6,RSib-BF,122,4,175,0.325833,ok
gen_medium_005.txt,medium,36,194,7,RSib-BT,122,4,175,0.226583,ok
gen_medium_005.txt,medium,36,194,8,RSib-Greedy,74,4,101,0.141083,ok
gen_medium_005.txt,medium,36,194,9,RSib-Bitmask,122,4,175,0.284333,ok
gen_medium_005.txt,medium,36,194,10,RSib-InclMin,122,4,175,0.230334,ok
gen_medium_006.txt,medium,50,16,0,Pivot-Orig,0,0,64,0.009833,ok
gen_medium_006.txt,medium,50,16,1,Pivot-Asc,0,0,64,0.009416,ok
gen_medium_006.txt,medium,50,16,2,Pivot-Desc,0,0,64,0.008875,ok
gen_medium_006.txt,medium,50,16,6,RSib-BF,0,0,66,0.006208,ok
gen_medium_006.txt,medium,50,16,7,RSib-BT,0,0,66,0.004917,ok
gen_medium_006.txt,medium,50,16,8,RSib-Greedy,0,0,66,0.004208,ok
gen_medium_006.txt,medium,50,16,9,RSib-Bitmask,0,0,66,0.004792,ok
gen_medium_006.txt,medium,50,16,10,RSib-InclMin,0,0,66,0.004708,ok
gen_medium_007.txt,medium,41,28,0,Pivot-Orig,0,0,66,0.013083,ok
gen_medium_007.txt,medium,41,28,1,Pivot-Asc,0,0,66,0.011791,ok
gen_medium_007.txt,medium,41,28,2,Pivot-Desc,0,0,66,0.01075,ok
gen_medium_007.txt,medium,41,28,6,RSib-BF,0,0,69,0.00575,ok
gen_medium_007.txt,medium,41,28,7,RSib-BT,0,0,69,0.006834,ok
gen_medium_007.txt,medium,41,28,8,RSib-Greedy,0,0,69,0.005,ok
gen_medium_007.txt,medium,41,28,9,RSib-Bitmask,0,0,69,0.00475,ok
gen_medium_007.txt,medium,41,28,10,RSib-InclMin,0,0,69,0.005041,ok
gen_medium_008.txt,medium,57,119,0,Pivot-Orig,12,3,163,0.038583,ok
gen_medium_008.txt,medium,57,119,1,Pivot-Asc,12,3,162,0.036875,ok
gen_medium_008.txt,medium,57,119,2,Pivot-Desc,12,3,163,0.037375,ok
gen_medium_008.txt,medium,57,119,6,RSib-BF,12,3,124,0.063708,ok
gen_medium_008.txt,medium,57,119,7,RSib-BT,12,3,124,0.066333,ok
gen_medium_008.txt,medium,57,119,8,RSib-Greedy,12,3,123,0.080625,ok
gen_medium_008.txt,medium,57,119,9,RSib-Bitmask,12,3,124,0.069834,ok
gen_medium_008.txt,medium,57,119,10,RSib-InclMin,12,3,124,0.060375,ok
gen_medium_009.txt,medium,45,111,0,Pivot-Orig,8,3,143,0.031333,ok
gen_medium_009.txt,medium,45,111,1,Pivot-Asc,8,3,142,0.033375,ok
gen_medium_009.txt,medium,45,111,2,Pivot-Desc,8,3,142,0.035625,ok
gen_medium_009.txt,medium,45,111,6,RSib-BF,8,3,119,0.056334,ok
gen_medium_009.txt,medium,45,111,7,RSib-BT,8,3,119,0.06225,ok
gen_medium_009.txt,medium,45,111,8,RSib-Greedy,8,3,116,0.052791,ok
gen_medium_009.txt,medium,45,111,9,RSib-Bitmask,8,3,119,0.053958,ok
gen_medium_009.txt,medium,45,111,10,RSib-InclMin,8,3,119,0.05275,ok
gen_medium_010.txt,medium,47,86,0,Pivot-Orig,4,8,74,0.027875,ok
gen_medium_010.txt,medium,47,86,1,Pivot-Asc,4,8,74,0.022542,ok
gen_medium_010.txt,medium,47,86,2,Pivot-Desc,4,8,74,0.020916,ok
gen_medium_010.txt,medium,47,86,6,RSib-BF,4,8,52,0.033667,ok
gen_medium_010.txt,medium,47,86,7,RSib-BT,4,8,52,0.032375,ok
gen_medium_010.txt,medium,47,86,8,RSib-Greedy,4,8,52,0.029959,ok
gen_medium_010.txt,medium,47,86,9,RSib-Bitmask,4,8,52,0.032458,ok
gen_medium_010.txt,medium,47,86,10,RSib-InclMin,4,8,52,0.032791,ok
gen_medium_011.txt,medium,37,199,0,Pivot-Orig,122,5,257,0.084917,ok
gen_medium_011.txt,medium,37,199,1,Pivot-Asc,122,5,268,0.086625,ok
gen_medium_011.txt,medium,37,199,2,Pivot-Desc,122,5,254,0.079167,ok
gen_medium_011.txt,medium,37,199,6,RSib-BF,122,5,165,0.293375,ok
gen_medium_011.txt,medium,37,199,7,RSib-BT,122,5,165,0.248834,ok
gen_medium_011.txt,medium,37,199,8,RSib-Greedy,72,5,101,0.138708,ok
gen_medium_011.txt,medium,37,199,9,RSib-Bitmask,122,5,165,0.288375,ok
gen_medium_011.txt,medium,37,199,10,RSib-InclMin,122,5,165,0.233667,ok
gen_medium_012.txt,medium,32,11,0,Pivot-Orig,0,0,42,0.006,ok
gen_medium_012.txt,medium,32,11,1,Pivot-Asc,0,0,42,0.005792,ok
gen_medium_012.txt,medium,32,11,2,Pivot-Desc,0,0,42,0.006,ok
gen_medium_012.txt,medium,32,11,6,RSib-BF,0,0,43,0.003875,ok
gen_medium_012.txt,medium,32,11,7,RSib-BT,0,0,43,0.003667,ok
gen_medium_012.txt,medium,32,11,8,RSib-Greedy,0,0,43,0.003458,ok
gen_medium_012.txt,medium,32,11,9,RSib-Bitmask,0,0,43,0.003458,ok
gen_medium_012.txt,medium,32,11,10,RSib-InclMin,0,0,43,0.003792,ok
gen_medium_013.txt,medium,43,39,0,Pivot-Orig,1,3,77,0.016667,ok
gen_medium_013.txt,medium,43,39,1,Pivot-Asc,1,3,77,0.015625,ok
gen_medium_013.txt,medium,43,39,2,Pivot-Desc,1,3,77,0.015416,ok
gen_medium_013.txt,medium,43,39,6,RSib-BF,1,3,59,0.025542,ok
gen_medium_013.txt,medium,43,39,7,RSib-BT,1,3,59,0.025208,ok
gen_medium_013.txt,medium,43,39,8,RSib-Greedy,1,3,59,0.022667,ok
gen_medium_013.txt,medium,43,39,9,RSib-Bitmask,1,3,59,0.042792,ok
gen_medium_013.txt,medium,43,39,10,RSib-InclMin,1,3,59,0.023834,ok
gen_medium_014.txt,medium,48,77,0,Pivot-Orig,2,3,115,0.024792,ok
gen_medium_014.txt,medium,48,77,1,Pivot-Asc,2,3,115,0.025041,ok
gen_medium_014.txt,medium,48,77,2,Pivot-Desc,2,3,115,0.02375,ok
gen_medium_014.txt,medium,48,77,6,RSib-BF,2,3,92,0.034,ok
gen_medium_014.txt,medium,48,77,7,RSib-BT,2,3,92,0.036458,ok
gen_medium_014.txt,medium,48,77,8,RSib-Greedy,2,3,92,0.040875,ok
gen_medium_014.txt,medium,48,77,9,RSib-Bitmask,2,3,92,0.036709,ok
gen_medium_014.txt,medium,48,77,10,RSib-InclMin,2,3,92,0.035125,ok
gen_medium_015.txt,medium,37,67,0,Pivot-Orig,8,3,92,0.022833,ok
gen_medium_015.txt,medium,37,67,1,Pivot-Asc,8,3,93,0.020834,ok
gen_medium_015.txt,medium,37,67,2,Pivot-Desc,8,3,91,0.023416,ok
gen_medium_015.txt,medium,37,67,6,RSib-BF,8,3,65,0.047041,ok
gen_medium_015.txt,medium,37,67,7,RSib-BT,8,3,65,0.040042,ok
gen_medium_015.txt,medium,37,67,8,RSib-Greedy,8,3,65,0.042292,ok
gen_medium_015.txt,medium,37,67,9,RSib-Bitmask,8,3,65,0.042667,ok
gen_medium_015.txt,medium,37,67,10,RSib-InclMin,8,3,65,0.041,ok
gen_medium_016.txt,medium,56,323,0,Pivot-Orig,176,4,407,0.132792,ok
gen_medium_016.txt,medium,56,323,1,Pivot-Asc,176,4,407,0.127084,ok
gen_medium_016.txt,medium,56,323,2,Pivot-Desc,176,4,416,0.159333,ok
gen_medium_016.txt,medium,56,323,6,RSib-BF,176,4,259,0.391958,ok
gen_medium_016.txt,medium,56,323,7,RSib-BT,176,4,259,0.311459,ok
gen_medium_016.txt,medium,56,323,8,RSib-Greedy,107,4,156,0.178833,ok
gen_medium_016.txt,medium,56,323,9,RSib-Bitmask,176,4,259,0.373208,ok
gen_medium_016.txt,medium,56,323,10,RSib-InclMin,176,4,259,0.320041,ok
gen_medium_017.txt,medium,46,319,0,Pivot-Orig,226,5,473,0.154708,ok
gen_medium_017.txt,medium,46,319,1,Pivot-Asc,226,5,475,0.154125,ok
gen_medium_017.txt,medium,46,319,2,Pivot-Desc,226,5,471,0.154584,ok
gen_medium_017.txt,medium,46,319,6,RSib-BF,226,5,292,0.725125,ok
gen_medium_017.txt,medium,46,319,7,RSib-BT,226,5,292,0.595875,ok
gen_medium_017.txt,medium,46,319,8,RSib-Greedy,109,5,151,0.285292,ok
gen_medium_017.txt,medium,46,319,9,RSib-Bitmask,226,5,292,0.711083,ok
gen_medium_017.txt,medium,46,319,10,RSib-InclMin,226,5,292,0.526,ok
gen_medium_018.txt,medium,42,97,0,Pivot-Orig,14,3,124,0.028542,ok
gen_medium_018.txt,medium,42,97,1,Pivot-Asc,14,3,125,0.030583,ok
gen_medium_018.txt,medium,42,97,2,Pivot-Desc,14,3,122,0.029916,ok
gen_medium_018.txt,medium,42,97,6,RSib-BF,14,3,97,0.075,ok
gen_medium_018.txt,medium,42,97,7,RSib-BT,14,3,97,0.066375,ok
gen_medium_018.txt,medium,42,97,8,RSib-Greedy,13,3,93,0.063458,ok
gen_medium_018.txt,medium,42,97,9,RSib-Bitmask,14,3,97,0.065333,ok
gen_medium_018.txt,medium,42,97,10,RSib-InclMin,14,3,97,0.065541,ok
gen_medium_019.txt,medium,35,83,0,Pivot-Orig,5,8,58,0.024375,ok
gen_medium_019.txt,medium,35,83,1,Pivot-Asc,5,8,58,0.024334,ok
gen_medium_019.txt,medium,35,83,2,Pivot-Desc,5,8,58,0.0235,ok
gen_medium_019.txt,medium,35,83,6,RSib-BF,5,8,40,0.03025,ok
gen_medium_019.txt,medium,35,83,7,RSib-BT,5,8,40,0.031875,ok
gen_medium_019.txt,medium,35,83,8,RSib-Greedy,5,8,40,0.031541,ok
gen_medium_019.txt,medium,35,83,9,RSib-Bitmask,5,8,40,0.040916,ok
gen_medium_019.txt,medium,35,83,10,RSib-InclMin,5,8,40,0.034,ok
gen_medium_020.txt,medium,50,95,0,Pivot-Orig,16,3,131,0.03125,ok
gen_medium_020.txt,medium,50,95,1,Pivot-Asc,16,3,132,0.029792,ok
gen_medium_020.txt,medium,50,95,2,Pivot-Desc,16,3,131,0.029292,ok
gen_medium_020.txt,medium,50,95,6,RSib-BF,16,3,93,0.065917,ok
gen_medium_020.txt,medium,50,95,7,RSib-BT,16,3,93,0.060458,ok
gen_medium_020.txt,medium,50,95,8,RSib-Greedy,15,3,90,0.057042,ok
gen_medium_020.txt,medium,50,95,9,RSib-Bitmask,16,3,93,0.062541,ok
gen_medium_020.txt,medium,50,95,10,RSib-InclMin,16,3,93,0.062417,ok
gen_medium_021.txt,medium,36,84,0,Pivot-Orig,14,3,104,0.027459,ok
gen_medium_021.txt,medium,36,84,1,Pivot-Asc,14,3,107,0.025375,ok
gen_medium_021.txt,medium,36,84,2,Pivot-Desc,14,3,103,0.025667,ok
gen_medium_021.txt,medium,36,84,6,RSib-BF,14,3,75,0.057208,ok
gen_medium_021.txt,medium,36,84,7,RSib-BT,14,3,75,0.05175,ok
gen_medium_021.txt,medium,36,84,8,RSib-Greedy,14,3,72,0.052667,ok
gen_medium_021.txt,medium,36,84,9,RSib-Bitmask,14,3,75,0.055791,ok
gen_medium_021.txt,medium,36,84,10,RSib-InclMin,14,3,75,0.052083,ok
gen_medium_022.txt,medium,30,86,0,Pivot-Orig,26,4,101,0.040667,ok
gen_medium_022.txt,medium,30,86,1,Pivot-Asc,26,4,100,0.038208,ok
gen_medium_022.txt,medium,30,86,2,Pivot-Desc,26,4,100,0.038625,ok
gen_medium_022.txt,medium,30,86,6,RSib-BF,26,4,70,0.071458,ok
gen_medium_022.txt,medium,30,86,7,RSib-BT,26,4,70,0.073417,ok
gen_medium_022.txt,medium,30,86,8,RSib-Greedy,24,4,63,0.057167,ok
gen_medium_022.txt,medium,30,86,9,RSib-Bitmask,26,4,70,0.073708,ok
gen_medium_022.txt,medium,30,86,10,RSib-InclMin,26,4,70,0.073,ok
gen_medium_023.txt,medium,31,154,0,Pivot-Orig,88,5,192,0.065208,ok
gen_medium_023.txt,medium,31,154,1,Pivot-Asc,88,5,194,0.064375,ok
gen_medium_023.txt,medium,31,154,2,Pivot-Desc,88,5,195,0.068125,ok
gen_medium_023.txt,medium,31,154,6,RSib-BF,88,5,119,0.258667,ok
gen_medium_023.txt,medium,31,154,7,RSib-BT,88,5,119,0.195584,ok
gen_medium_023.txt,medium,31,154,8,RSib-Greedy,54,5,81,0.1225,ok
gen_medium_023.txt,medium,31,154,9,RSib-Bitmask,88,5,119,0.236708,ok
gen_medium_023.txt,medium,31,154,10,RSib-InclMin,88,5,119,0.19225,ok
gen_medium_024.txt,medium,54,19,0,Pivot-Orig,0,0,71,0.013625,ok
gen_medium_024.txt,medium,54,19,1,Pivot-Asc,0,0,71,0.014417,ok
gen_medium_024.txt,medium,54,19,2,Pivot-Desc,0,0,71,0.012541,ok
gen_medium_024.txt,medium,54,19,6,RSib-BF,0,0,73,0.00475,ok
gen_medium_024.txt,medium,54,19,7,RSib-BT,0,0,73,0.004959,ok
gen_medium_024.txt,medium,54,19,8,RSib-Greedy,0,0,73,0.006333,ok
gen_medium_024.txt,medium,54,19,9,RSib-Bitmask,0,0,73,0.005791,ok
gen_medium_024.txt,medium,54,19,10,RSib-InclMin,0,0,73,0.005917,ok
gen_medium_025.txt,medium,56,41,0,Pivot-Orig,0,0,92,0.022375,ok
gen_medium_025.txt,medium,56,41,1,Pivot-Asc,0,0,92,0.021542,ok
gen_medium_025.txt,medium,56,41,2,Pivot-Desc,0,0,92,0.022,ok
gen_medium_025.txt,medium,56,41,6,RSib-BF,0,0,97,0.006167,ok
gen_medium_025.txt,medium,56,41,7,RSib-BT,0,0,97,0.006791,ok
gen_medium_025.txt,medium,56,41,8,RSib-Greedy,0,0,97,0.007125,ok
gen_medium_025.txt,medium,56,41,9,RSib-Bitmask,0,0,97,0.006166,ok
gen_medium_025.txt,medium,56,41,10,RSib-InclMin,0,0,97,0.007583,ok
gen_medium_026.txt,medium,49,86,0,Pivot-Orig,11,3,120,0.027708,ok
gen_medium_026.txt,medium,49,86,1,Pivot-Asc,11,3,119,0.027166,ok
gen_medium_026.txt,medium,49,86,2,Pivot-Desc,11,3,120,0.027167,ok
gen_medium_026.txt,medium,49,86,6,RSib-BF,11,3,86,0.053125,ok
gen_medium_026.txt,medium,49,86,7,RSib-BT,11,3,86,0.050625,ok
gen_medium_026.txt,medium,49,86,8,RSib-Greedy,11,3,86,0.052208,ok
gen_medium_026.txt,medium,49,86,9,RSib-Bitmask,11,3,86,0.053125,ok
gen_medium_026.txt,medium,49,86,10,RSib-InclMin,11,3,86,0.055583,ok
gen_medium_027.txt,medium,38,84,0,Pivot-Orig,7,3,109,0.02525,ok
gen_medium_027.txt,medium,38,84,1,Pivot-Asc,7,3,109,0.025,ok
gen_medium_027.txt,medium,38,84,2,Pivot-Desc,7,3,109,0.025959,ok
gen_medium_027.txt,medium,38,84,6,RSib-BF,7,3,94,0.050416,ok
gen_medium_027.txt,medium,38,84,7,RSib-BT,7,3,94,0.047583,ok
gen_medium_027.txt,medium,38,84,8,RSib-Greedy,7,3,94,0.051,ok
gen_medium_027.txt,medium,38,84,9,RSib-Bitmask,7,3,94,0.0475,ok
gen_medium_027.txt,medium,38,84,10,RSib-InclMin,7,3,94,0.050542,ok
gen_medium_028.txt,medium,47,95,0,Pivot-Orig,6,8,82,0.027417,ok
gen_medium_028.txt,medium,47,95,1,Pivot-Asc,6,8,82,0.027209,ok
gen_medium_028.txt,medium,47,95,2,Pivot-Desc,6,8,83,0.0265,ok
gen_medium_028.txt,medium,47,95,6,RSib-BF,6,8,59,0.042125,ok
gen_medium_028.txt,medium,47,95,7,RSib-BT,6,8,59,0.048667,ok
gen_medium_028.txt,medium,47,95,8,RSib-Greedy,6,8,59,0.0565,ok
gen_medium_028.txt,medium,47,95,9,RSib-Bitmask,6,8,59,0.042875,ok
gen_medium_028.txt,medium,47,95,10,RSib-InclMin,6,8,59,0.042875,ok
gen_medium_029.txt,medium,35,206,0,Pivot-Orig,143,5,282,0.093125,ok
gen_medium_029.txt,medium,35,206,1,Pivot-Asc,143,5,287,0.092208,ok
gen_medium_029.txt,medium,35,206,2,Pivot-Desc,143,5,292,0.092792,ok
gen_medium_029.txt,medium,35,206,6,RSib-BF,143,5,171,0.369666,ok
gen_medium_029.txt,medium,35,206,7,RSib-BT,143,5,171,0.28025,ok
gen_medium_029.txt,medium,35,206,8,RSib-Greedy,78,5,100,0.16325,ok
gen_medium_029.txt,medium,35,206,9,RSib-Bitmask,143,5,171,0.329709,ok
gen_medium_029.txt,medium,35,206,10,RSib-InclMin,143,5,171,0.31,ok
gen_big_000.txt,big,98,181,0,Pivot-Orig,5,10,158,0.050083,ok
gen_big_000.txt,big,98,181,1,Pivot-Asc,5,10,158,0.047667,ok
gen_big_000.txt,big,98,181,2,Pivot-Desc,5,10,158,0.050292,ok
gen_big_000.txt,big,98,181,6,RSib-BF,5,10,119,0.057042,ok
gen_big_000.txt,big,98,181,7,RSib-BT,5,10,119,0.057583,ok
gen_big_000.txt,big,98,181,8,RSib-Greedy,5,10,119,0.059042,ok
gen_big_000.txt,big,98,181,9,RSib-Bitmask,5,10,119,0.063667,ok
gen_big_000.txt,big,98,181,10,RSib-InclMin,5,10,119,0.056125,ok
gen_big_001.txt,big,130,93,0,Pivot-Orig,0,0,219,0.039917,ok
gen_big_001.txt,big,130,93,1,Pivot-Asc,0,0,219,0.036166,ok
gen_big_001.txt,big,130,93,2,Pivot-Desc,0,0,219,0.039666,ok
gen_big_001.txt,big,130,93,6,RSib-BF,0,0,223,0.013916,ok
gen_big_001.txt,big,130,93,7,RSib-BT,0,0,223,0.014583,ok
gen_big_001.txt,big,130,93,8,RSib-Greedy,0,0,223,0.013166,ok
gen_big_001.txt,big,130,93,9,RSib-Bitmask,0,0,223,0.014167,ok
gen_big_001.txt,big,130,93,10,RSib-InclMin,0,0,223,0.013042,ok
gen_big_002.txt,big,158,257,0,Pivot-Orig,3,3,405,0.088917,ok
gen_big_002.txt,big,158,257,1,Pivot-Asc,3,3,405,0.084292,ok
gen_big_002.txt,big,158,257,2,Pivot-Desc,3,3,405,0.0795,ok
gen_big_002.txt,big,158,257,6,RSib-BF,3,3,307,0.099459,ok
gen_big_002.txt,big,158,257,7,RSib-BT,3,3,307,0.10325,ok
gen_big_002.txt,big,158,257,8,RSib-Greedy,3,3,307,0.103084,ok
gen_big_002.txt,big,158,257,9,RSib-Bitmask,3,3,307,0.103292,ok
gen_big_002.txt,big,158,257,10,RSib-InclMin,3,3,307,0.108542,ok
gen_big_003.txt,big,84,130,0,Pivot-Orig,7,3,199,0.042792,ok
gen_big_003.txt,big,84,130,1,Pivot-Asc,7,3,199,0.041333,ok
gen_big_003.txt,big,84,130,2,Pivot-Desc,7,3,199,0.041,ok
gen_big_003.txt,big,84,130,6,RSib-BF,7,3,153,0.06325,ok
gen_big_003.txt,big,84,130,7,RSib-BT,7,3,153,0.063792,ok
gen_big_003.txt,big,84,130,8,RSib-Greedy,7,3,153,0.064125,ok
gen_big_003.txt,big,84,130,9,RSib-Bitmask,7,3,153,0.064916,ok
gen_big_003.txt,big,84,130,10,RSib-InclMin,7,3,153,0.060625,ok
gen_big_004.txt,big,93,231,0,Pivot-Orig,20,3,304,0.073125,ok
gen_big_004.txt,big,93,231,1,Pivot-Asc,20,3,300,0.069667,ok
gen_big_004.txt,big,93,231,2,Pivot-Desc,20,3,305,0.073875,ok
gen_big_004.txt,big,93,231,6,RSib-BF,20,3,220,0.122667,ok
gen_big_004.txt,big,93,231,7,RSib-BT,20,3,220,0.1045,ok
gen_big_004.txt,big,93,231,8,RSib-Greedy,20,3,218,0.103167,ok
gen_big_004.txt,big,93,231,9,RSib-Bitmask,20,3,220,0.131083,ok
gen_big_004.txt,big,93,231,10,RSib-InclMin,20,3,220,0.11825,ok
gen_big_005.txt,big,123,649,0,Pivot-Orig,178,4,766,0.230833,ok
gen_big_005.txt,big,123,649,1,Pivot-Asc,178,4,762,0.227417,ok
gen_big_005.txt,big,123,649,2,Pivot-Desc,178,4,777,0.244875,ok
gen_big_005.txt,big,123,649,6,RSib-BF,178,4,518,0.537459,ok
gen_big_005.txt,big,123,649,7,RSib-BT,178,4,518,0.410209,ok
gen_big_005.txt,big,123,649,8,RSib-Greedy,118,4,396,0.2925,ok
gen_big_005.txt,big,123,649,9,RSib-Bitmask,178,4,518,0.513958,ok
gen_big_005.txt,big,123,649,10,RSib-InclMin,178,4,518,0.424917,ok
gen_big_006.txt,big,175,87,0,Pivot-Orig,0,0,259,0.042083,ok
gen_big_006.txt,big,175,87,1,Pivot-Asc,0,0,259,0.041791,ok
gen_big_006.txt,big,175,87,2,Pivot-Desc,0,0,259,0.032458,ok
gen_big_006.txt,big,175,87,6,RSib-BF,0,0,262,0.01525,ok
gen_big_006.txt,big,175,87,7,RSib-BT,0,0,262,0.018375,ok
gen_big_006.txt,big,175,87,8,RSib-Greedy,0,0,262,0.013917,ok
gen_big_006.txt,big,175,87,9,RSib-Bitmask,0,0,262,0.016125,ok
gen_big_006.txt,big,175,87,10,RSib-InclMin,0,0,262,0.016625,ok
gen_big_007.txt,big,143,134,0,Pivot-Orig,0,0,271,0.054042,ok
gen_big_007.txt,big,143,134,1,Pivot-Asc,0,0,271,0.052708,ok
gen_big_007.txt,big,143,134,2,Pivot-Desc,0,0,271,0.050666,ok
gen_big_007.txt,big,143,134,6,RSib-BF,0,0,277,0.021208,ok
gen_big_007.txt,big,143,134,7,RSib-BT,0,0,277,0.015791,ok
gen_big_007.txt,big,143,134,8,RSib-Greedy,0,0,277,0.018375,ok
gen_big_007.txt,big,143,134,9,RSib-Bitmask,0,0,277,0.025208,ok
gen_big_007.txt,big,143,134,10,RSib-InclMin,0,0,277,0.016625,ok
gen_big_008.txt,big,176,314,0,Pivot-Orig,10,3,474,0.104208,ok
gen_big_008.txt,big,176,314,1,Pivot-Asc,10,3,474,0.112417,ok
gen_big_008.txt,big,176,314,2,Pivot-Desc,10,3,474,0.095959,ok
gen_big_008.txt,big,176,314,6,RSib-BF,10,3,349,0.140209,ok
gen_big_008.txt,big,176,314,7,RSib-BT,10,3,349,0.115584,ok
gen_big_008.txt,big,176,314,8,RSib-Greedy,10,3,349,0.124541,ok
gen_big_008.txt,big,176,314,9,RSib-Bitmask,10,3,349,0.128792,ok
gen_big_008.txt,big,176,314,10,RSib-InclMin,10,3,349,0.119041,ok
gen_big_009.txt,big,177,543,0,Pivot-Orig,36,3,686,0.175209,ok
gen_big_009.txt,big,177,543,1,Pivot-Asc,36,3,683,0.174084,ok
gen_big_009.txt,big,177,543,2,Pivot-Desc,36,3,689,0.172875,ok
gen_big_009.txt,big,177,543,6,RSib-BF,36,3,541,0.213083,ok
gen_big_009.txt,big,177,543,7,RSib-BT,36,3,541,0.220417,ok
gen_big_009.txt,big,177,543,8,RSib-Greedy,33,3,520,0.200292,ok
gen_big_009.txt,big,177,543,9,RSib-Bitmask,36,3,541,0.207417,ok
gen_big_009.txt,big,177,543,10,RSib-InclMin,36,3,541,0.201875,ok
gen_big_010.txt,big,118,190,0,Pivot-Orig,6,10,188,0.059333,ok
gen_big_010.txt,big,118,190,1,Pivot-Asc,6,10,188,0.050792,ok
gen_big_010.txt,big,118,190,2,Pivot-Desc,6,10,188,0.048459,ok
gen_big_010.txt,big,118,190,6,RSib-BF,6,10,135,0.076667,ok
gen_big_010.txt,big,118,190,7,RSib-BT,6,10,135,0.063541,ok
gen_big_010.txt,big,118,190,8,RSib-Greedy,6,10,135,0.071666,ok
gen_big_010.txt,big,118,190,9,RSib-Bitmask,6,10,135,0.066375,ok
gen_big_010.txt,big,118,190,10,RSib-InclMin,6,10,135,0.066958,ok
gen_big_011.txt,big,128,689,0,Pivot-Orig,211,4,833,0.263875,ok
gen_big_011.txt,big,128,689,1,Pivot-Asc,211,4,820,0.238708,ok
gen_big_011.txt,big,128,689,2,Pivot-Desc,211,4,852,0.257291,ok
gen_big_011.txt,big,128,689,6,RSib-BF,211,4,553,0.523458,ok
gen_big_011.txt,big,128,689,7,RSib-BT,211,4,553,0.479375,ok
gen_big_011.txt,big,128,689,8,RSib-Greedy,130,4,405,0.307416,ok
gen_big_011.txt,big,128,689,9,RSib-Bitmask,211,4,553,0.557542,ok
gen_big_011.txt,big,128,689,10,RSib-InclMin,211,4,553,0.488416,ok
gen_big_012.txt,big,95,30,0,Pivot-Orig,0,0,123,0.017417,ok
gen_big_012.txt,big,95,30,1,Pivot-Asc,0,0,123,0.0265,ok
gen_big_012.txt,big,95,30,2,Pivot-Desc,0,0,123,0.013125,ok
gen_big_012.txt,big,95,30,6,RSib-BF,0,0,125,0.007458,ok
gen_big_012.txt,big,95,30,7,RSib-BT,0,0,125,0.008,ok
gen_big_012.txt,big,95,30,8,RSib-Greedy,0,0,125,0.00775,ok
gen_big_012.txt,big,95,30,9,RSib-Bitmask,0,0,125,0.008792,ok
gen_big_012.txt,big,95,30,10,RSib-InclMin,0,0,125,0.00775,ok
gen_big_013.txt,big,139,130,0,Pivot-Orig,1,3,261,0.050917,ok
gen_big_013.txt,big,139,130,1,Pivot-Asc,1,3,261,0.047958,ok
gen_big_013.txt,big,139,130,2,Pivot-Desc,1,3,261,0.041875,ok
gen_big_013.txt,big,139,130,6,RSib-BF,1,3,237,0.046083,ok
gen_big_013.txt,big,139,130,7,RSib-BT,1,3,237,0.03975,ok
gen_big_013.txt,big,139,130,8,RSib-Greedy,1,3,237,0.047625,ok
gen_big_013.txt,big,139,130,9,RSib-Bitmask,1,3,237,0.045959,ok
gen_big_013.txt,big,139,130,10,RSib-InclMin,1,3,237,0.0455,ok
gen_big_014.txt,big,176,291,0,Pivot-Orig,4,3,453,0.11975,ok
gen_big_014.txt,big,176,291,1,Pivot-Asc,4,3,453,0.111667,ok
gen_big_014.txt,big,176,291,2,Pivot-Desc,4,3,453,0.098375,ok
gen_big_014.txt,big,176,291,6,RSib-BF,4,3,375,0.099584,ok
gen_big_014.txt,big,176,291,7,RSib-BT,4,3,375,0.094417,ok
gen_big_014.txt,big,176,291,8,RSib-Greedy,4,3,375,0.097792,ok
gen_big_014.txt,big,176,291,9,RSib-Bitmask,4,3,375,0.095041,ok
gen_big_014.txt,big,176,291,10,RSib-InclMin,4,3,375,0.093375,ok
gen_big_015.txt,big,119,231,0,Pivot-Orig,10,3,336,0.078875,ok
gen_big_015.txt,big,119,231,1,Pivot-Asc,10,3,334,0.077583,ok
gen_big_015.txt,big,119,231,2,Pivot-Desc,10,3,336,0.075042,ok
gen_big_015.txt,big,119,231,6,RSib-BF,10,3,249,0.109084,ok
gen_big_015.txt,big,119,231,7,RSib-BT,10,3,249,0.096125,ok
gen_big_015.txt,big,119,231,8,RSib-Greedy,10,3,248,0.096875,ok
gen_big_015.txt,big,119,231,9,RSib-Bitmask,10,3,249,0.111167,ok
gen_big_015.txt,big,119,231,10,RSib-InclMin,10,3,249,0.089084,ok
gen_big_016.txt,big,173,795,0,Pivot-Orig,129,4,926,0.278667,ok
gen_big_016.txt,big,173,795,1,Pivot-Asc,129,4,922,0.279708,ok
gen_big_016.txt,big,173,795,2,Pivot-Desc,129,4,938,0.273459,ok
gen_big_016.txt,big,173,795,6,RSib-BF,129,4,687,0.433333,ok
gen_big_016.txt,big,173,795,7,RSib-BT,129,4,687,0.427666,ok
gen_big_016.txt,big,173,795,8,RSib-Greedy,103,4,588,0.347792,ok
gen_big_016.txt,big,173,795,9,RSib-Bitmask,129,4,687,0.487,ok
gen_big_016.txt,big,173,795,10,RSib-InclMin,129,4,687,0.391583,ok
gen_big_017.txt,big,174,1281,0,Pivot-Orig,515,4,1607,0.545916,ok
gen_big_017.txt,big,174,1281,1,Pivot-Asc,515,4,1596,0.519125,ok
gen_big_017.txt,big,174,1281,2,Pivot-Desc,515,4,1633,0.548542,ok
gen_big_017.txt,big,174,1281,6,RSib-BF,515,4,1038,1.31258,ok
gen_big_017.txt,big,174,1281,7,RSib-BT,515,4,1038,1.07379,ok
gen_big_017.txt,big,174,1281,8,RSib-Greedy,299,4,631,0.621,ok
gen_big_017.txt,big,174,1281,9,RSib-Bitmask,515,4,1038,1.21954,ok
gen_big_017.txt,big,174,1281,10,RSib-InclMin,515,4,1038,1.12396,ok
gen_big_018.txt,big,107,22,0,Pivot-Orig,0,0,127,0.014708,ok
gen_big_018.txt,big,107,22,1,Pivot-Asc,0,0,127,0.014792,ok
gen_big_018.txt,big,107,22,2,Pivot-Desc,0,0,127,0.013917,ok
gen_big_018.txt,big,107,22,6,RSib-BF,0,0,129,0.008,ok
gen_big_018.txt,big,107,22,7,RSib-BT,0,0,129,0.00775,ok
gen_big_018.txt,big,107,22,8,RSib-Greedy,0,0,129,0.007125,ok
gen_big_018.txt,big,107,22,9,RSib-Bitmask,0,0,129,0.007334,ok
gen_big_018.txt,big,107,22,10,RSib-InclMin,0,0,129,0.008958,ok
gen_big_019.txt,big,105,69,0,Pivot-Orig,0,0,171,0.027625,ok
gen_big_019.txt,big,105,69,1,Pivot-Asc,0,0,171,0.027,ok
gen_big_019.txt,big,105,69,2,Pivot-Desc,0,0,171,0.023542,ok
gen_big_019.txt,big,105,69,6,RSib-BF,0,0,174,0.010917,ok
gen_big_019.txt,big,105,69,7,RSib-BT,0,0,174,0.0105,ok
gen_big_019.txt,big,105,69,8,RSib-Greedy,0,0,174,0.010416,ok
gen_big_019.txt,big,105,69,9,RSib-Bitmask,0,0,174,0.010542,ok
gen_big_019.txt,big,105,69,10,RSib-InclMin,0,0,174,0.010417,ok
gen_big_020.txt,big,158,236,0,Pivot-Orig,5,10,273,0.071208,ok
gen_big_020.txt,big,158,236,1,Pivot-Asc,5,10,273,0.074,ok
gen_big_020.txt,big,158,236,2,Pivot-Desc,5,10,273,0.064833,ok
gen_big_020.txt,big,158,236,6,RSib-BF,5,10,205,0.085416,ok
gen_big_020.txt,big,158,236,7,RSib-BT,5,10,205,0.080833,ok
gen_big_020.txt,big,158,236,8,RSib-Greedy,5,10,205,0.084834,ok
gen_big_020.txt,big,158,236,9,RSib-Bitmask,5,10,205,0.087,ok
gen_big_020.txt,big,158,236,10,RSib-InclMin,5,10,205,0.108917,ok
gen_big_021.txt,big,103,166,0,Pivot-Orig,6,3,258,0.054625,ok
gen_big_021.txt,big,103,166,1,Pivot-Asc,6,3,258,0.049959,ok
gen_big_021.txt,big,103,166,2,Pivot-Desc,6,3,258,0.050417,ok
gen_big_021.txt,big,103,166,6,RSib-BF,6,3,191,0.084375,ok
gen_big_021.txt,big,103,166,7,RSib-BT,6,3,191,0.077209,ok
gen_big_021.txt,big,103,166,8,RSib-Greedy,6,3,191,0.075667,ok
gen_big_021.txt,big,103,166,9,RSib-Bitmask,6,3,191,0.077417,ok
gen_big_021.txt,big,103,166,10,RSib-InclMin,6,3,191,0.082375,ok
gen_big_022.txt,big,130,484,0,Pivot-Orig,65,3,582,0.181958,ok
gen_big_022.txt,big,130,484,1,Pivot-Asc,65,3,574,0.158334,ok
gen_big_022.txt,big,130,484,2,Pivot-Desc,65,3,588,0.153875,ok
gen_big_022.txt,big,130,484,6,RSib-BF,65,3,433,0.253167,ok
gen_big_022.txt,big,130,484,7,RSib-BT,65,3,433,0.245416,ok
gen_big_022.txt,big,130,484,8,RSib-Greedy,57,3,411,0.203334,ok
gen_big_022.txt,big,130,484,9,RSib-Bitmask,65,3,433,0.233042,ok
gen_big_022.txt,big,130,484,10,RSib-InclMin,65,3,433,0.250292,ok
gen_big_023.txt,big,116,603,0,Pivot-Orig,160,4,708,0.220417,ok
gen_big_023.txt,big,116,603,1,Pivot-Asc,160,4,692,0.251167,ok
gen_big_023.txt,big,116,603,2,Pivot-Desc,160,4,712,0.216125,ok
gen_big_023.txt,big,116,603,6,RSib-BF,160,4,472,0.461625,ok
gen_big_023.txt,big,116,603,7,RSib-BT,160,4,472,0.366584,ok
gen_big_023.txt,big,116,603,8,RSib-Greedy,118,4,383,0.302917,ok
gen_big_023.txt,big,116,603,9,RSib-Bitmask,160,4,472,0.413583,ok
gen_big_023.txt,big,116,603,10,RSib-InclMin,160,4,472,0.419375,ok
gen_big_024.txt,big,150,64,0,Pivot-Orig,0,0,210,0.034125,ok
gen_big_024.txt,big,150,64,1,Pivot-Asc,0,0,210,0.032042,ok
gen_big_024.txt,big,150,64,2,Pivot-Desc,0,0,210,0.027583,ok
gen_big_024.txt,big,150,64,6,RSib-BF,0,0,214,0.01225,ok
gen_big_024.txt,big,150,64,7,RSib-BT,0,0,214,0.011417,ok
gen_big_024.txt,big,150,64,8,RSib-Greedy,0,0,214,0.012667,ok
gen_big_024.txt,big,150,64,9,RSib-Bitmask,0,0,214,0.011917,ok
gen_big_024.txt,big,150,64,10,RSib-InclMin,0,0,214,0.014667,ok
gen_big_025.txt,big,143,137,0,Pivot-Orig,2,3,273,0.05,ok
gen_big_025.txt,big,143,137,1,Pivot-Asc,2,3,273,0.051833,ok
gen_big_025.txt,big,143,137,2,Pivot-Desc,2,3,273,0.046875,ok
gen_big_025.txt,big,143,137,6,RSib-BF,2,3,194,0.076834,ok
gen_big_025.txt,big,143,137,7,RSib-BT,2,3,194,0.071333,ok
gen_big_025.txt,big,143,137,8,RSib-Greedy,2,3,194,0.070375,ok
gen_big_025.txt,big,143,137,9,RSib-Bitmask,2,3,194,0.068208,ok
gen_big_025.txt,big,143,137,10,RSib-InclMin,2,3,194,0.069709,ok
gen_big_026.txt,big,99,100,0,Pivot-Orig,0,0,194,0.034541,ok
gen_big_026.txt,big,99,100,1,Pivot-Asc,0,0,194,0.036291,ok
gen_big_026.txt,big,99,100,2,Pivot-Desc,0,0,194,0.037958,ok
gen_big_026.txt,big,99,100,6,RSib-BF,0,0,199,0.01225,ok
gen_big_026.txt,big,99,100,7,RSib-BT,0,0,199,0.010542,ok
gen_big_026.txt,big,99,100,8,RSib-Greedy,0,0,199,0.012833,ok
gen_big_026.txt,big,99,100,9,RSib-Bitmask,0,0,199,0.017625,ok
gen_big_026.txt,big,99,100,10,RSib-InclMin,0,0,199,0.011459,ok
gen_big_027.txt,big,167,464,0,Pivot-Orig,34,3,598,0.160208,ok
gen_big_027.txt,big,167,464,1,Pivot-Asc,34,3,597,0.153708,ok
gen_big_027.txt,big,167,464,2,Pivot-Desc,34,3,597,0.152584,ok
gen_big_027.txt,big,167,464,6,RSib-BF,34,3,454,0.217209,ok
gen_big_027.txt,big,167,464,7,RSib-BT,34,3,454,0.186458,ok
gen_big_027.txt,big,167,464,8,RSib-Greedy,33,3,443,0.193417,ok
gen_big_027.txt,big,167,464,9,RSib-Bitmask,34,3,454,0.26,ok
gen_big_027.txt,big,167,464,10,RSib-InclMin,34,3,454,0.254416,ok
gen_big_028.txt,big,108,324,0,Pivot-Orig,37,3,405,0.107583,ok
gen_big_028.txt,big,108,324,1,Pivot-Asc,37,3,404,0.099,ok
gen_big_028.txt,big,108,324,2,Pivot-Desc,37,3,406,0.102333,ok
gen_big_028.txt,big,108,324,6,RSib-BF,37,3,301,0.169291,ok
gen_big_028.txt,big,108,324,7,RSib-BT,37,3,301,0.174917,ok
gen_big_028.txt,big,108,324,8,RSib-Greedy,31,3,281,0.139125,ok
gen_big_028.txt,big,108,324,9,RSib-Bitmask,37,3,301,0.179625,ok
gen_big_028.txt,big,108,324,10,RSib-InclMin,37,3,301,0.152208,ok
gen_big_029.txt,big,146,877,0,Pivot-Orig,279,4,1057,0.333834,ok
gen_big_029.txt,big,146,877,1,Pivot-Asc,279,4,1053,0.338208,ok
gen_big_029.txt,big,146,877,2,Pivot-Desc,279,4,1050,0.328,ok
gen_big_029.txt,big,146,877,6,RSib-BF,279,4,709,0.775917,ok
gen_big_029.txt,big,146,877,7,RSib-BT,279,4,709,0.647417,ok
gen_big_029.txt,big,146,877,8,RSib-Greedy,171,4,472,0.429833,ok
gen_big_029.txt,big,146,877,9,RSib-Bitmask,279,4,709,0.781333,ok
gen_big_029.txt,big,146,877,10,RSib-InclMin,279,4,709,0.615375,ok
data_test.txt,repo_data,15,26,0,Pivot-Orig,6,4,28,0.011209,ok
data_test.txt,repo_data,15,26,1,Pivot-Asc,6,4,28,0.011042,ok
data_test.txt,repo_data,15,26,2,Pivot-Desc,6,4,29,0.013375,ok
data_test.txt,repo_data,15,26,6,RSib-BF,6,4,13,0.021166,ok
data_test.txt,repo_data,15,26,7,RSib-BT,6,4,13,0.026042,ok
data_test.txt,repo_data,15,26,8,RSib-Greedy,6,4,13,0.018334,ok
data_test.txt,repo_data,15,26,9,RSib-Bitmask,6,4,13,0.017792,ok
data_test.txt,repo_data,15,26,10,RSib-InclMin,6,4,13,0.017958,ok
data_test1.txt,repo_data,5,8,0,Pivot-Orig,2,4,6,0.002209,ok
data_test1.txt,repo_data,5,8,1,Pivot-Asc,2,4,6,0.003083,ok
data_test1.txt,repo_data,5,8,2,Pivot-Desc,2,4,6,0.003041,ok
data_test1.txt,repo_data,5,8,6,RSib-BF,2,4,6,0.005083,ok
data_test1.txt,repo_data,5,8,7,RSib-BT,2,4,6,0.003708,ok
data_test1.txt,repo_data,5,8,8,RSib-Greedy,2,4,6,0.004333,ok
data_test1.txt,repo_data,5,8,9,RSib-Bitmask,2,4,6,0.003792,ok
data_test1.txt,repo_data,5,8,10,RSib-InclMin,2,4,6,0.003333,ok
data_test10.txt,repo_data,10,20,0,Pivot-Orig,6,3,21,0.005291,ok
data_test10.txt,repo_data,10,20,1,Pivot-Asc,6,3,21,0.005083,ok
data_test10.txt,repo_data,10,20,2,Pivot-Desc,6,3,20,0.007084,ok
data_test10.txt,repo_data,10,20,6,RSib-BF,6,3,11,0.017791,ok
data_test10.txt,repo_data,10,20,7,RSib-BT,6,3,11,0.0165,ok
data_test10.txt,repo_data,10,20,8,RSib-Greedy,6,3,11,0.013083,ok
data_test10.txt,repo_data,10,20,9,RSib-Bitmask,6,3,11,0.015958,ok
data_test10.txt,repo_data,10,20,10,RSib-InclMin,6,3,11,0.011791,ok
data_test11.txt,repo_data,6,12,0,Pivot-Orig,8,3,15,0.003958,ok
data_test11.txt,repo_data,6,12,1,Pivot-Asc,8,3,15,0.003875,ok
data_test11.txt,repo_data,6,12,2,Pivot-Desc,8,3,15,0.003458,ok
data_test11.txt,repo_data,6,12,6,RSib-BF,8,3,11,0.014041,ok
data_test11.txt,repo_data,6,12,7,RSib-BT,8,3,11,0.017083,ok
data_test11.txt,repo_data,6,12,8,RSib-Greedy,8,3,11,0.017958,ok
data_test11.txt,repo_data,6,12,9,RSib-Bitmask,8,3,11,0.019,ok
data_test11.txt,repo_data,6,12,10,RSib-InclMin,8,3,11,0.018125,ok
data_test12.txt,repo_data,6,12,0,Pivot-Orig,4,4,10,0.004334,ok
data_test12.txt,repo_data,6,12,1,Pivot-Asc,4,4,10,0.004333,ok
data_test12.txt,repo_data,6,12,2,Pivot-Desc,4,4,9,0.004042,ok
data_test12.txt,repo_data,6,12,6,RSib-BF,4,4,9,0.01175,ok
data_test12.txt,repo_data,6,12,7,RSib-BT,4,4,9,0.012709,ok
data_test12.txt,repo_data,6,12,8,RSib-Greedy,4,4,9,0.011083,ok
data_test12.txt,repo_data,6,12,9,RSib-Bitmask,4,4,9,0.010791,ok
data_test12.txt,repo_data,6,12,10,RSib-InclMin,4,4,9,0.011083,ok
data_test13.txt,repo_data,5,6,0,Pivot-Orig,2,3,6,0.002667,ok
data_test13.txt,repo_data,5,6,1,Pivot-Asc,2,3,6,0.002625,ok
data_test13.txt,repo_data,5,6,2,Pivot-Desc,2,3,6,0.002959,ok
data_test13.txt,repo_data,5,6,6,RSib-BF,2,3,6,0.005875,ok
data_test13.txt,repo_data,5,6,7,RSib-BT,2,3,6,0.006166,ok
data_test13.txt,repo_data,5,6,8,RSib-Greedy,2,3,6,0.005791,ok
data_test13.txt,repo_data,5,6,9,RSib-Bitmask,2,3,6,0.006,ok
data_test13.txt,repo_data,5,6,10,RSib-InclMin,2,3,6,0.005666,ok
data_test2.txt,repo_data,5,7,0,Pivot-Orig,3,3,7,0.00275,ok
data_test2.txt,repo_data,5,7,1,Pivot-Asc,3,3,7,0.002,ok
data_test2.txt,repo_data,5,7,2,Pivot-Desc,3,3,7,0.002209,ok
data_test2.txt,repo_data,5,7,6,RSib-BF,3,3,6,0.006125,ok
data_test2.txt,repo_data,5,7,7,RSib-BT,3,3,6,0.005542,ok
data_test2.txt,repo_data,5,7,8,RSib-Greedy,3,3,6,0.005584,ok
data_test2.txt,repo_data,5,7,9,RSib-Bitmask,3,3,6,0.006875,ok
data_test2.txt,repo_data,5,7,10,RSib-InclMin,3,3,6,0.007542,ok
data_test3.txt,repo_data,10,18,0,Pivot-Orig,5,4,17,0.005459,ok
data_test3.txt,repo_data,10,18,1,Pivot-Asc,5,4,16,0.004167,ok
data_test3.txt,repo_data,10,18,2,Pivot-Desc,5,4,17,0.004708,ok
data_test3.txt,repo_data,10,18,6,RSib-BF,5,4,10,0.011542,ok
data_test3.txt,repo_data,10,18,7,RSib-BT,5,4,10,0.01075,ok
data_test3.txt,repo_data,10,18,8,RSib-Greedy,5,4,10,0.010291,ok
data_test3.txt,repo_data,10,18,9,RSib-Bitmask,5,4,10,0.0105,ok
data_test3.txt,repo_data,10,18,10,RSib-InclMin,5,4,10,0.015667,ok
data_test5.txt,repo_data,7,10,0,Pivot-Orig,3,3,12,0.004417,ok
data_test5.txt,repo_data,7,10,1,Pivot-Asc,3,3,12,0.003125,ok
data_test5.txt,repo_data,7,10,2,Pivot-Desc,3,3,12,0.00275,ok
data_test5.txt,repo_data,7,10,6,RSib-BF,3,3,8,0.008625,ok
data_test5.txt,repo_data,7,10,7,RSib-BT,3,3,8,0.008583,ok
data_test5.txt,repo_data,7,10,8,RSib-Greedy,3,3,8,0.007917,ok
data_test5.txt,repo_data,7,10,9,RSib-Bitmask,3,3,8,0.007292,ok
data_test5.txt,repo_data,7,10,10,RSib-InclMin,3,3,8,0.008292,ok
data_test6.txt,repo_data,9,15,0,Pivot-Orig,4,3,16,0.005584,ok
data_test6.txt,repo_data,9,15,1,Pivot-Asc,4,3,16,0.00525,ok
data_test6.txt,repo_data,9,15,2,Pivot-Desc,4,3,16,0.005375,ok
data_test6.txt,repo_data,9,15,6,RSib-BF,4,3,11,0.010458,ok
data_test6.txt,repo_data,9,15,7,RSib-BT,4,3,11,0.01,ok
data_test6.txt,repo_data,9,15,8,RSib-Greedy,4,3,11,0.009792,ok
data_test6.txt,repo_data,9,15,9,RSib-Bitmask,4,3,11,0.009209,ok
data_test6.txt,repo_data,9,15,10,RSib-InclMin,4,3,11,0.010417,ok
data_test7.txt,repo_data,10,18,0,Pivot-Orig,4,3,20,0.0055,ok
data_test7.txt,repo_data,10,18,1,Pivot-Asc,4,3,20,0.006416,ok
data_test7.txt,repo_data,10,18,2,Pivot-Desc,4,3,20,0.006125,ok
data_test7.txt,repo_data,10,18,6,RSib-BF,4,3,15,0.010334,ok
data_test7.txt,repo_data,10,18,7,RSib-BT,4,3,15,0.011667,ok
data_test7.txt,repo_data,10,18,8,RSib-Greedy,4,3,15,0.011167,ok
data_test7.txt,repo_data,10,18,9,RSib-Bitmask,4,3,15,0.010917,ok
data_test7.txt,repo_data,10,18,10,RSib-InclMin,4,3,15,0.011459,ok
data_test8.txt,repo_data,10,17,0,Pivot-Orig,4,3,18,0.004792,ok
data_test8.txt,repo_data,10,17,1,Pivot-Asc,4,3,19,0.005792,ok
data_test8.txt,repo_data,10,17,2,Pivot-Desc,4,3,18,0.006292,ok
data_test8.txt,repo_data,10,17,6,RSib-BF,4,3,13,0.015791,ok
data_test8.txt,repo_data,10,17,7,RSib-BT,4,3,13,0.011459,ok
data_test8.txt,repo_data,10,17,8,RSib-Greedy,4,3,13,0.01125,ok
data_test8.txt,repo_data,10,17,9,RSib-Bitmask,4,3,13,0.011333,ok
data_test8.txt,repo_data,10,17,10,RSib-InclMin,4,3,13,0.01125,ok
data_test9.txt,repo_data,10,18,0,Pivot-Orig,5,3,18,0.004417,ok
data_test9.txt,repo_data,10,18,1,Pivot-Asc,5,3,18,0.006666,ok
data_test9.txt,repo_data,10,18,2,Pivot-Desc,5,3,18,0.004917,ok
data_test9.txt,repo_data,10,18,6,RSib-BF,5,3,12,0.01775,ok
data_test9.txt,repo_data,10,18,7,RSib-BT,5,3,12,0.017125,ok
data_test9.txt,repo_data,10,18,8,RSib-Greedy,5,3,12,0.012708,ok
data_test9.txt,repo_data,10,18,9,RSib-Bitmask,5,3,12,0.012834,ok
data_test9.txt,repo_data,10,18,10,RSib-InclMin,5,3,12,0.012875,ok
